Date,DJTMNMO,DJTMNMOT
9/21/12,1056.43,1052.7
9/22/12,1056.43,1052.7
9/23/12,1056.43,1052.7
9/24/12,1058.32,1054.6
9/25/12,1074.14,1070.4
9/26/12,1072.97,1069.32
9/27/12,1071.15,1067.39
9/28/12,1075.66,1071.86
9/29/12,1075.66,1071.86
9/30/12,1075.66,1071.86
10/1/12,1075.81,1071.95
10/2/12,1076.44,1072.58
10/3/12,1089.92,1086.01
10/4/12,1088.2,1084.31
10/5/12,1089.41,1085.43
10/6/12,1089.41,1085.43
10/7/12,1089.41,1085.43
10/8/12,1084.26,1080.31
10/9/12,1076.19,1072.2
10/10/12,1079.14,1075.22
10/11/12,1068.61,1064.59
10/12/12,1074.65,1070.6
10/13/12,1074.65,1070.6
10/14/12,1074.65,1070.6
10/15/12,1076.64,1072.61
10/16/12,1075.92,1071.88
10/17/12,1073.94,1069.89
10/18/12,1069.88,1065.72
10/19/12,1075.26,1071.1
10/20/12,1075.26,1071.1
10/21/12,1075.26,1071.1
10/22/12,1072.76,1068.6
10/23/12,1074.42,1070.27
10/24/12,1085.21,1081.04
10/25/12,1077.38,1073.17
10/26/12,1080.96,1076.77
10/27/12,1080.96,1076.77
10/28/12,1080.96,1076.77
10/29/12,1080.96,1076.77
10/30/12,1080.96,1076.77
10/31/12,1081.83,1077.81
11/1/12,1070.49,1066.53
11/2/12,1069.16,1065.18
11/3/12,1069.16,1065.18
11/4/12,1069.16,1065.18
11/5/12,1068.99,1064.96
11/6/12,1065.03,1061.03
11/7/12,1072.95,1068.74
11/8/12,1076.89,1072.56
11/9/12,1077.42,1073.15
11/10/12,1077.42,1073.15
11/11/12,1077.42,1073.15
11/12/12,1072.74,1068.5
11/13/12,1079.63,1075.27
11/14/12,1072.83,1068.51
11/15/12,1066.56,1062.26
11/16/12,1079.24,1074.88
11/17/12,1079.24,1074.88
11/18/12,1079.24,1074.88
11/19/12,1080.28,1075.99
11/20/12,1091.12,1086.7
11/21/12,1090.3,1085.82
11/22/12,1090.3,1085.82
11/23/12,1087.79,1083.41
11/24/12,1087.79,1083.41
11/25/12,1087.79,1083.41
11/26/12,1086.32,1081.91
11/27/12,1085.41,1081
11/28/12,1084.24,1079.73
11/29/12,1086.18,1081.5
11/30/12,1083.86,1079.02
12/1/12,1083.86,1079.02
12/2/12,1083.86,1079.02
12/3/12,1085.32,1080.42
12/4/12,1078.99,1074.06
12/5/12,1074.48,1069.59
12/6/12,1073.08,1068.38
12/7/12,1071.18,1066.41
12/8/12,1071.18,1066.41
12/9/12,1071.18,1066.41
12/10/12,1069.82,1064.96
12/11/12,1067.47,1062.59
12/12/12,1065.45,1060.61
12/13/12,1060,1054.66
12/14/12,1059.19,1053.88
12/15/12,1059.19,1053.88
12/16/12,1059.19,1053.88
12/17/12,1064.61,1059.35
12/18/12,1060.02,1054.73
12/19/12,1060.57,1055.34
12/20/12,1060.18,1055.23
12/21/12,1060.82,1055.91
12/22/12,1060.82,1055.91
12/23/12,1060.82,1055.91
12/24/12,1061.77,1057.05
12/25/12,1061.77,1057.05
12/26/12,1057.5,1052.91
12/27/12,1058.4,1053.79
12/28/12,1059.73,1055.04
12/29/12,1059.73,1055.04
12/30/12,1059.73,1055.04
12/31/12,1060.14,1055.48
1/2/13,1066.75,1061.97
1/3/13,1061.39,1056.67
1/4/13,1060.86,1056.14
1/5/13,1060.86,1056.14
1/6/13,1060.86,1056.14
1/7/13,1059.93,1055.21
1/8/13,1066.34,1061.5
1/9/13,1068.55,1063.48
1/10/13,1065.8,1061
1/11/13,1063.06,1058.15
1/12/13,1063.06,1058.15
1/13/13,1063.06,1058.15
1/14/13,1059.51,1054.61
1/15/13,1057.53,1052.64
1/16/13,1059.11,1054.28
1/17/13,1062.16,1057.21
1/18/13,1058.68,1053.77
1/19/13,1058.68,1053.77
1/20/13,1058.68,1053.77
1/22/13,1055.02,1050.12
1/23/13,1059.2,1054.3
1/24/13,1057.74,1052.74
1/25/13,1060.06,1055.07
1/26/13,1060.06,1055.07
1/27/13,1060.06,1055.07
1/28/13,1054.29,1049.26
1/29/13,1053.02,1048.19
1/30/13,1052.82,1047.88
1/31/13,1051.3,1046.33
2/1/13,1055.16,1050.17
2/2/13,1055.16,1050.17
2/3/13,1055.16,1050.17
2/4/13,1054.67,1049.65
2/5/13,1056.6,1051.5
2/6/13,1055.81,1050.74
2/7/13,1054.12,1049.1
2/8/13,1058.22,1053.17
2/9/13,1058.22,1053.17
2/10/13,1058.22,1053.17
2/11/13,1057.61,1052.56
2/12/13,1058.08,1052.91
2/13/13,1059.48,1054.25
2/14/13,1059.49,1054.17
2/15/13,1060.39,1055.07
2/16/13,1060.39,1055.07
2/17/13,1060.39,1055.07
2/19/13,1055.97,1050.7
2/20/13,1047.91,1042.66
2/21/13,1048.8,1043.52
2/22/13,1053.73,1048.42
2/23/13,1053.73,1048.42
2/24/13,1053.73,1048.42
2/25/13,1049.12,1043.86
2/26/13,1054.69,1049.35
2/27/13,1059.18,1053.75
2/28/13,1062.56,1057.11
3/1/13,1067.5,1062.08
3/2/13,1067.5,1062.08
3/3/13,1067.5,1062.08
3/4/13,1075.3,1069.81
3/5/13,1077.66,1072.22
3/6/13,1074.08,1068.51
3/7/13,1069.74,1064.03
3/8/13,1067.09,1061.4
3/9/13,1067.09,1061.4
3/10/13,1067.09,1061.4
3/11/13,1064.31,1058.44
3/12/13,1063.37,1057.36
3/13/13,1064.39,1058.14
3/14/13,1063.12,1056.95
3/15/13,1058.37,1052.22
3/16/13,1058.37,1052.22
3/17/13,1058.37,1052.22
3/18/13,1058.96,1052.76
3/19/13,1061.78,1055.52
3/20/13,1068.05,1061.72
3/21/13,1066.67,1060.22
3/22/13,1069.06,1062.6
3/23/13,1069.06,1062.6
3/24/13,1069.06,1062.6
3/25/13,1065.7,1059.25
3/26/13,1065.51,1059.02
3/27/13,1064.85,1058.25
3/28/13,1066.56,1060.06
3/30/13,1066.56,1060.06
3/31/13,1066.56,1060.06
4/1/13,1067.49,1060.94
4/2/13,1067.06,1060.49
4/3/13,1061.97,1055.47
4/4/13,1060.44,1053.94
4/5/13,1064.17,1057.61
4/6/13,1064.17,1057.61
4/7/13,1064.17,1057.61
4/8/13,1064.29,1057.68
4/9/13,1059.08,1052.5
4/10/13,1056.9,1050.3
4/11/13,1057.96,1051.29
4/12/13,1058.38,1051.67
4/15/13,1056.27,1049.59
4/16/13,1060.58,1053.87
4/17/13,1063.8,1057.07
4/18/13,1059.91,1053.16
4/19/13,1070.39,1063.54
4/22/13,1072.72,1065.9
4/23/13,1076.85,1070
4/24/13,1071.56,1064.72
4/25/13,1072.4,1065.62
4/26/13,1072.44,1065.76
4/29/13,1068.89,1062.16
4/30/13,1067.17,1060.49
5/1/13,1065.4,1058.73
5/2/13,1074.8,1068.03
5/3/13,1073.11,1066.21
5/6/13,1075.31,1068.4
5/7/13,1075.74,1068.71
5/8/13,1069.62,1062.65
5/9/13,1066.96,1059.83
5/10/13,1065,1057.84
5/13/13,1068.28,1061
5/14/13,1073.03,1065.73
5/15/13,1074.07,1066.74
5/16/13,1067.3,1060.16
5/17/13,1066.64,1059.54
5/20/13,1058.48,1051.42
5/21/13,1053.82,1046.75
5/22/13,1051.2,1044.15
5/23/13,1052.82,1045.66
5/24/13,1053.94,1046.8
5/28/13,1055.08,1047.99
5/29/13,1047.21,1040.06
5/30/13,1049.56,1042.28
5/31/13,1051.44,1044.2
6/3/13,1045.23,1038.12
6/4/13,1040.31,1033.27
6/5/13,1036.85,1029.79
6/6/13,1044.61,1037.5
6/7/13,1046.37,1039.23
6/10/13,1044.65,1037.43
6/11/13,1044.96,1037.73
6/12/13,1042.88,1035.64
6/13/13,1045.23,1038.05
6/14/13,1048.2,1041.02
6/17/13,1047.18,1040.09
6/18/13,1049.4,1042.23
6/19/13,1048.81,1041.63
6/20/13,1042.73,1035.53
6/21/13,1037.32,1030
6/24/13,1040.72,1033.41
6/25/13,1042.81,1035.67
6/26/13,1048.52,1041.44
6/27/13,1048.75,1041.39
6/28/13,1042.01,1034.63
7/1/13,1047.94,1040.62
7/2/13,1045.46,1038.16
7/3/13,1044.48,1037.2
7/5/13,1047.81,1040.49
7/8/13,1047.89,1040.43
7/9/13,1051.79,1044.34
7/10/13,1049.39,1041.93
7/11/13,1051.15,1043.59
7/12/13,1058.96,1051.35
7/15/13,1058.07,1050.47
7/16/13,1052.24,1044.68
7/17/13,1057.96,1050.31
7/18/13,1056.81,1049.12
7/19/13,1057.06,1049.35
7/22/13,1056.58,1048.9
7/23/13,1050.83,1043.2
7/24/13,1051.5,1043.85
7/25/13,1050.76,1043.13
7/26/13,1054.36,1046.7
7/29/13,1051.5,1043.97
7/30/13,1054.19,1046.64
7/31/13,1060.39,1052.8
8/1/13,1066.78,1059.11
8/2/13,1069.74,1062.09
8/5/13,1070.27,1062.54
8/6/13,1065.88,1058.2
8/7/13,1062.9,1055.19
8/8/13,1061.82,1054
8/9/13,1060.89,1053.01
8/12/13,1060.61,1052.63
8/13/13,1062.9,1054.81
8/14/13,1058.14,1050
8/15/13,1051.99,1043.97
8/16/13,1058.69,1050.58
8/19/13,1055.38,1047.31
8/20/13,1059.46,1051.34
8/21/13,1059.51,1051.29
8/22/13,1063.03,1054.85
8/23/13,1059.26,1051.11
8/26/13,1058.56,1050.42
8/27/13,1048.06,1040.01
8/28/13,1052.83,1044.79
8/29/13,1058.05,1050.04
8/30/13,1053.49,1045.59
9/3/13,1063.4,1055.39
9/4/13,1065.27,1057.24
9/5/13,1067.3,1059.35
9/6/13,1061.07,1053.12
9/9/13,1061.32,1053.38
9/10/13,1067.6,1059.6
9/11/13,1063.29,1055.19
9/12/13,1061.42,1053.09
9/13/13,1062.67,1054.34
9/16/13,1064.75,1056.41
9/17/13,1068.27,1059.89
9/18/13,1060.45,1052.1
9/19/13,1065.55,1057.11
9/20/13,1069.52,1061.07
9/23/13,1066.38,1057.89
9/24/13,1074.85,1066.09
9/25/13,1077.62,1068.84
9/26/13,1082.13,1072.46
9/27/13,1084.68,1074.64
9/30/13,1088.18,1078.08
10/1/13,1090.92,1080.81
10/2/13,1087.29,1077.23
10/3/13,1090.03,1079.96
10/4/13,1096.21,1086.08
10/7/13,1087.06,1077.03
10/8/13,1076.86,1066.88
10/9/13,1077.06,1067.06
10/10/13,1088.12,1077.9
10/11/13,1093.02,1082.76
10/14/13,1095.3,1085.03
10/15/13,1095.15,1084.88
10/16/13,1101.12,1090.83
10/17/13,1101.78,1091.41
10/18/13,1109.7,1099.21
10/21/13,1109.1,1098.63
10/22/13,1105.65,1095.19
10/23/13,1099.96,1089.53
10/24/13,1104.71,1094.25
10/25/13,1101.36,1090.92
10/28/13,1095.67,1085.25
10/29/13,1101.24,1090.83
10/30/13,1100.33,1089.92
10/31/13,1103.77,1093.2
11/1/13,1102.62,1092
11/4/13,1106.71,1095.98
11/5/13,1110.89,1099.93
11/6/13,1101.46,1090.42
11/7/13,1086.8,1075.71
11/8/13,1102.88,1091.41
11/11/13,1105.86,1094.36
11/12/13,1106.12,1094.79
11/13/13,1110.66,1099.07
11/14/13,1113.29,1101.88
11/15/13,1113.16,1101.76
11/18/13,1106.83,1095.42
11/19/13,1102.39,1091.02
11/20/13,1103.17,1091.79
11/21/13,1114.12,1102.7
11/22/13,1122.48,1111.03
11/25/13,1120.87,1109.43
11/26/13,1128.31,1116.88
11/27/13,1128.32,1116.78
11/29/13,1130.45,1119
12/2/13,1135.98,1124.51
12/3/13,1132.5,1120.94
12/4/13,1130.47,1118.91
12/5/13,1129.12,1117.52
12/6/13,1131.92,1120.26
12/9/13,1129.49,1117.85
12/10/13,1130.06,1118.44
12/11/13,1125.88,1114.13
12/12/13,1134.22,1122.28
12/13/13,1136.7,1124.62
12/16/13,1139.68,1127.57
12/17/13,1135.82,1123.77
12/18/13,1137.15,1125.03
12/19/13,1139.74,1127.67
12/20/13,1142.51,1130.41
12/23/13,1141.7,1129.46
12/24/13,1141.35,1128.72
12/26/13,1144.87,1132.05
12/27/13,1136.41,1122.89
12/30/13,1134.33,1120.56
12/31/13,1138.38,1124.49
1/2/14,1136.11,1122.27
1/3/14,1137.24,1123.31
1/6/14,1136.41,1122.48
1/7/14,1141.53,1127.55
1/8/14,1151.06,1136.86
1/9/14,1154.58,1140.32
1/10/14,1152.49,1138.23
1/13/14,1148.02,1133.7
1/14/14,1153.92,1139.51
1/15/14,1149.54,1135.22
1/16/14,1149.35,1135
1/17/14,1150.59,1136.22
1/21/14,1151.83,1137.45
1/22/14,1157.82,1143.45
1/23/14,1149.99,1135.71
1/24/14,1133.63,1119.56
1/27/14,1126.74,1112.72
1/28/14,1133.35,1119.2
1/29/14,1130.18,1115.96
1/30/14,1144.13,1129.72
1/31/14,1143.02,1128.62
2/3/14,1132.09,1117.85
2/4/14,1135.43,1121.13
2/5/14,1133.63,1119.34
2/6/14,1126.76,1112.35
2/7/14,1139,1124.43
2/10/14,1135.4,1120.84
2/11/14,1138.28,1123.46
2/12/14,1143.21,1128.21
2/13/14,1147.86,1132.73
2/14/14,1144.7,1129.44
2/18/14,1158.72,1143.26
2/19/14,1151.19,1135.63
2/20/14,1161.23,1145.61
2/21/14,1163.84,1148.16
2/24/14,1170.47,1154.7
2/25/14,1171.16,1155.38
2/26/14,1163.76,1148.1
2/27/14,1164.59,1149.01
2/28/14,1159.12,1143.69
3/3/14,1157.26,1141.73
3/4/14,1171.57,1155.74
3/5/14,1170.69,1154.73
3/6/14,1167.34,1151.29
3/7/14,1166.87,1150.79
3/10/14,1166.93,1150.85
3/11/14,1161.83,1145.75
3/12/14,1164.96,1148.8
3/13/14,1160.88,1144.67
3/14/14,1163.24,1147
3/17/14,1166.16,1149.82
3/18/14,1170.93,1154.58
3/19/14,1172,1155.62
3/20/14,1174.61,1158.13
3/21/14,1161.26,1144.9
3/24/14,1152.79,1136.53
3/25/14,1147.26,1131.05
3/26/14,1141.59,1125.36
3/27/14,1135.67,1118.89
3/28/14,1131.1,1114.03
3/31/14,1137.84,1120.66
4/1/14,1147.56,1130.13
4/2/14,1144.63,1127.28
4/3/14,1132.09,1114.9
4/4/14,1110.34,1093.45
4/7/14,1100.36,1083.62
4/8/14,1098.95,1082.13
4/9/14,1116.48,1099.29
4/10/14,1098.31,1081.32
4/11/14,1094.48,1077.41
4/14/14,1090.04,1073.04
4/15/14,1090.66,1073.72
4/16/14,1104.02,1086.85
4/17/14,1109.42,1092.17
4/21/14,1110.58,1093.3
4/22/14,1115.71,1098.35
4/23/14,1115.36,1098.01
4/24/14,1102.66,1085.54
4/25/14,1089.71,1072.79
4/28/14,1077.15,1060.31
4/29/14,1087.59,1070.58
4/30/14,1093.36,1076.29
5/1/14,1096.18,1078.9
5/2/14,1099.03,1081.74
5/5/14,1104,1086.47
5/6/14,1098.05,1080.55
5/7/14,1096.7,1079.2
5/8/14,1091.64,1073.99
5/9/14,1091.56,1073.88
5/12/14,1101.21,1083.39
5/13/14,1099.65,1081.92
5/14/14,1093.47,1075.66
5/15/14,1086.76,1069.01
5/16/14,1081.95,1064.29
5/19/14,1089.9,1072.03
5/20/14,1088.09,1070.13
5/21/14,1096.32,1078.17
5/22/14,1099.06,1080.92
5/23/14,1104.37,1086.17
5/27/14,1110.02,1091.73
5/28/14,1109.07,1090.7
5/29/14,1109.73,1091.42
5/30/14,1106.53,1088.26
6/2/14,1112.94,1094.53
6/3/14,1112.17,1093.71
6/4/14,1117.14,1098.3
6/5/14,1114.4,1095.48
6/6/14,1118.62,1099.69
6/9/14,1115.99,1097.08
6/10/14,1114.66,1095.75
6/11/14,1115.37,1096.37
6/12/14,1110.62,1091.61
6/13/14,1108.74,1089.82
6/16/14,1108.1,1089.18
6/17/14,1113.81,1094.85
6/18/14,1114.81,1095.8
6/19/14,1111.56,1092.6
6/20/14,1116.43,1097.38
6/23/14,1115.42,1096.35
6/24/14,1109.81,1090.79
6/25/14,1119.09,1099.74
6/26/14,1120.42,1100.66
6/27/14,1119.97,1100.04
6/30/14,1119.64,1099.55
7/1/14,1125.52,1105.35
7/2/14,1122.74,1102.6
7/3/14,1124.47,1104.21
7/7/14,1119.39,1099.2
7/8/14,1113.86,1093.59
7/9/14,1118.26,1097.91
7/10/14,1119.94,1099.53
7/11/14,1121.42,1100.98
7/14/14,1123.9,1103.43
7/15/14,1118.91,1098.55
7/16/14,1114.34,1094.01
7/17/14,1108.11,1087.9
7/18/14,1116.35,1095.99
7/21/14,1118.37,1097.98
7/22/14,1123.13,1102.64
7/23/14,1123.38,1102.87
7/24/14,1121.51,1100.98
7/25/14,1119.09,1098.61
7/28/14,1116.97,1096.46
7/29/14,1112.5,1092.03
7/30/14,1111.91,1091.34
7/31/14,1102.11,1081.71
8/1/14,1104.51,1084.02
8/4/14,1107.24,1086.57
8/5/14,1099.93,1079.38
8/6/14,1096.47,1075.9
8/7/14,1096.01,1075.37
8/8/14,1095.23,1074.57
8/11/14,1094.65,1073.88
8/12/14,1094.99,1074.16
8/13/14,1106,1084.64
8/14/14,1103.54,1082.28
8/15/14,1106.85,1085.51
8/18/14,1108.91,1087.47
8/19/14,1107.76,1086.35
8/20/14,1107.13,1085.6
8/21/14,1103.88,1082.46
8/22/14,1108.07,1086.56
8/25/14,1111.51,1089.84
8/26/14,1107.82,1086.15
8/27/14,1106.94,1085.38
8/28/14,1109.07,1087.43
8/29/14,1109.78,1088.14
9/2/14,1115.34,1093.56
9/3/14,1113.2,1091.36
9/4/14,1109.34,1087.52
9/5/14,1111.59,1089.69
9/8/14,1114.01,1092.07
9/9/14,1112.75,1090.79
9/10/14,1115.61,1093.6
9/11/14,1112.5,1090.6
9/12/14,1108.9,1087.06
9/15/14,1104.76,1082.99
9/16/14,1111.91,1089.94
9/17/14,1116.35,1094.33
9/18/14,1116.47,1094.53
9/19/14,1117.67,1095.74
9/22/14,1115.54,1093.64
9/23/14,1117.51,1095.54
9/24/14,1121.1,1098.89
9/25/14,1119.06,1096.84
9/26/14,1122.89,1100.96
9/29/14,1122.76,1100.75
9/30/14,1120.85,1098.79
10/1/14,1114.08,1092.21
10/2/14,1110.97,1089.15
10/3/14,1120.91,1098.87
10/6/14,1114.54,1092.57
10/7/14,1110.57,1088.7
10/8/14,1110.73,1088.66
10/9/14,1105.07,1083.12
10/10/14,1093.52,1071.73
10/13/14,1073.57,1052.16
10/14/14,1068.52,1047.21
10/15/14,1065.75,1044.42
10/16/14,1075,1053.47
10/17/14,1085.8,1064.05
10/20/14,1085.83,1064.08
10/21/14,1094.91,1072.97
10/22/14,1096.67,1074.67
10/23/14,1097.93,1075.9
10/24/14,1101.11,1079.02
10/27/14,1102.4,1080.28
10/28/14,1104.17,1081.97
10/29/14,1111.42,1089.08
10/30/14,1107.79,1085.4
10/31/14,1111.06,1088.61
11/3/14,1115.53,1092.79
11/4/14,1118.05,1095.23
11/5/14,1114.04,1091.28
11/6/14,1114.17,1091.55
11/7/14,1100.87,1078.45
11/10/14,1107.27,1084.75
11/11/14,1105.61,1083.12
11/12/14,1099.97,1077.34
11/13/14,1104.58,1081.96
11/14/14,1103.62,1081.08
11/17/14,1105,1082.41
11/18/14,1112.61,1089.89
11/19/14,1111.69,1088.93
11/20/14,1106.71,1084.05
11/21/14,1103.62,1080.96
11/24/14,1106.68,1083.93
11/25/14,1109.76,1087
11/26/14,1118.1,1095.13
11/28/14,1124.86,1101.78
12/1/14,1123.82,1100.76
12/2/14,1130.25,1107.03
12/3/14,1128.09,1104.76
12/4/14,1133.9,1110.25
12/5/14,1133.65,1110.02
12/8/14,1138.98,1115.24
12/9/14,1134.09,1110.38
12/10/14,1140.36,1116.67
12/11/14,1140.2,1116.81
12/12/14,1140.2,1116.83
12/15/14,1139.13,1115.77
12/16/14,1134.14,1110.83
12/17/14,1133.65,1110.33
12/18/14,1134.01,1110.7
12/19/14,1126.49,1103.3
12/22/14,1128.73,1105.6
12/23/14,1121.2,1098.2
12/24/14,1127.14,1104.02
12/26/14,1127.88,1104.64
12/29/14,1124.66,1101.85
12/30/14,1123.26,1100.62
12/31/14,1121.78,1099.14
1/2/15,1126.45,1103.69
1/5/15,1140.5,1117.51
1/6/15,1145.41,1122.32
1/7/15,1150.17,1126.95
1/8/15,1152.64,1129.41
1/9/15,1159.26,1135.91
1/12/15,1161.38,1137.98
1/13/15,1165.64,1142.04
1/14/15,1173.08,1149.41
1/15/15,1178.89,1155.14
1/16/15,1181.73,1157.91
1/20/15,1187.36,1163.45
1/21/15,1180.26,1156.37
1/22/15,1180.4,1156.51
1/23/15,1187.1,1163.08
1/26/15,1185.03,1161.01
1/27/15,1185.45,1161.4
1/28/15,1193.31,1168.97
1/29/15,1199.73,1175.47
1/30/15,1188.88,1164.78
2/2/15,1171.37,1147.58
2/3/15,1155.51,1132.08
2/4/15,1167.28,1143.6
2/5/15,1164.54,1140.87
2/6/15,1152.76,1129.17
2/9/15,1140.44,1117.07
2/10/15,1151.78,1128.23
2/11/15,1151.43,1127.7
2/12/15,1147.35,1123.85
2/13/15,1135.71,1112.52
2/17/15,1133.69,1110.38
2/18/15,1144.51,1120.77
2/19/15,1137.64,1114.08
2/20/15,1141.97,1118.23
2/23/15,1153.26,1129.33
2/24/15,1145.33,1121.55
2/25/15,1137.99,1114.31
2/26/15,1142.96,1119.1
2/27/15,1144.25,1120.3
3/2/15,1148.66,1124.57
3/3/15,1144.82,1120.83
3/4/15,1144.66,1120.58
3/5/15,1147.67,1123.71
3/6/15,1139.67,1115.84
3/9/15,1147.24,1123.22
3/10/15,1149.99,1125.94
3/11/15,1150.45,1126.51
3/12/15,1153.39,1129.37
3/13/15,1160.23,1135.97
3/16/15,1169.52,1145.02
3/17/15,1168.65,1144.17
3/18/15,1168.38,1143.93
3/19/15,1176.92,1152.27
3/20/15,1176.24,1151.64
3/23/15,1170.51,1146.03
3/24/15,1172.35,1147.83
3/25/15,1162.76,1138.49
3/26/15,1161.27,1137.04
3/27/15,1169.73,1145.82
3/30/15,1174.09,1150.2
3/31/15,1169.99,1146.13
4/1/15,1170,1146.15
4/2/15,1163.22,1139.5
4/6/15,1153.19,1129.66
4/7/15,1148.46,1125.04
4/8/15,1154.93,1131.4
4/9/15,1147.1,1123.73
4/10/15,1151.4,1127.91
4/13/15,1146.96,1123.59
4/14/15,1141.81,1118.6
4/15/15,1123.89,1101.16
4/16/15,1129.15,1106.26
4/17/15,1130.84,1107.92
4/20/15,1134.08,1111.11
4/21/15,1145.9,1122.68
4/22/15,1141.54,1118.38
4/23/15,1138.39,1115.25
4/24/15,1137.94,1114.78
4/27/15,1129.88,1106.88
4/28/15,1123.99,1101.3
4/29/15,1107.34,1084.89
4/30/15,1101.44,1079.06
5/1/15,1108.07,1085.5
5/4/15,1105.7,1083.18
5/5/15,1099.69,1077.34
5/6/15,1102.52,1080.18
5/7/15,1115.63,1093.05
5/8/15,1116.22,1093.67
5/11/15,1115.22,1092.7
5/12/15,1111.48,1089.02
5/13/15,1107.92,1085.43
5/14/15,1114.82,1092.36
5/15/15,1117.19,1094.72
5/18/15,1120.44,1097.97
5/19/15,1125.38,1102.87
5/20/15,1122.25,1099.71
5/21/15,1118.92,1096.31
5/22/15,1120.33,1097.75
5/26/15,1124.82,1102.21
5/27/15,1134.59,1111.64
5/28/15,1136.52,1113.48
5/29/15,1140.1,1116.93
6/1/15,1143.35,1120.08
6/2/15,1132.67,1109.56
6/3/15,1130.27,1107.11
6/4/15,1130.36,1107.2
6/5/15,1131.69,1108.53
6/8/15,1131.19,1108.06
6/9/15,1131.13,1107.84
6/10/15,1132.77,1109.57
6/11/15,1136.49,1113.29
6/12/15,1137.8,1114.53
6/15/15,1140.99,1117.68
6/16/15,1143.35,1119.98
6/17/15,1142.63,1119.29
6/18/15,1147.92,1124.39
6/19/15,1149.14,1125.59
6/22/15,1151.77,1128.16
6/23/15,1149.14,1125.66
6/24/15,1147.82,1124.4
6/25/15,1156.74,1133.21
6/26/15,1155.58,1131.8
6/29/15,1155.94,1132.16
6/30/15,1160.7,1136.78
7/1/15,1171.81,1147.71
7/2/15,1171.46,1147.38
7/6/15,1181.38,1157.06
7/7/15,1179.18,1154.91
7/8/15,1186.27,1161.89
7/9/15,1187.65,1163.22
7/10/15,1201.21,1176.47
7/13/15,1197.83,1173.12
7/14/15,1199.74,1174.99
7/15/15,1206.59,1181.74
7/16/15,1212.93,1187.93
7/17/15,1218.92,1193.79
7/20/15,1228.25,1202.96
7/21/15,1227.78,1202.5
7/22/15,1233.74,1208.18
7/23/15,1232.91,1207.45
7/24/15,1240.03,1214.39
7/27/15,1238.32,1212.71
7/28/15,1234.75,1209.16
7/29/15,1233.05,1207.51
7/30/15,1238.87,1213.07
7/31/15,1239.42,1213.66
8/3/15,1246.78,1220.85
8/4/15,1247.46,1221.47
8/5/15,1260.58,1234.33
8/6/15,1245.25,1219.23
8/7/15,1249.55,1223.32
8/10/15,1233.06,1207.17
8/11/15,1239.5,1213.43
8/12/15,1232.39,1206.4
8/13/15,1246.56,1220.29
8/14/15,1248.58,1222.3
8/17/15,1250.33,1224.04
8/18/15,1248.99,1222.7
8/19/15,1253.54,1227.08
8/20/15,1249.6,1223.2
8/21/15,1243.94,1217.49
8/24/15,1239.08,1212.73
8/25/15,1246.71,1220.18
8/26/15,1254.6,1227.85
8/27/15,1241.12,1214.48
8/28/15,1235.05,1208.36
8/31/15,1224.55,1198
9/1/15,1227.41,1200.8
9/2/15,1235.73,1208.75
9/3/15,1234.33,1207.22
9/4/15,1240.39,1213.12
9/8/15,1248.62,1221.03
9/9/15,1250.85,1223.26
9/10/15,1253.62,1225.87
9/11/15,1263.5,1235.46
9/14/15,1265.2,1237.1
9/15/15,1260.19,1232.28
9/16/15,1245.6,1217.92
9/17/15,1253.25,1225.38
9/18/15,1264.44,1236.21
9/21/15,1270.87,1242.5
9/22/15,1276.88,1248.48
9/23/15,1294.17,1265.39
9/24/15,1291.88,1263.17
9/25/15,1297.03,1268.14
9/28/15,1294.77,1265.2
9/29/15,1289.72,1260.24
9/30/15,1291.74,1262.1
10/1/15,1309.09,1279.27
10/2/15,1295.36,1265.87
10/5/15,1273.29,1244.23
10/6/15,1245.99,1217.5
10/7/15,1239.73,1211.38
10/8/15,1228.88,1200.8
10/9/15,1239.29,1210.98
10/12/15,1264.06,1235.18
10/13/15,1260.23,1231.51
10/14/15,1248.12,1219.86
10/15/15,1262.02,1233.51
10/16/15,1277.42,1248.55
10/19/15,1285.13,1256.12
10/20/15,1273.89,1245.08
10/21/15,1280.88,1251.73
10/22/15,1280.09,1250.87
10/23/15,1280.49,1251.33
10/26/15,1293.06,1263.61
10/27/15,1306.71,1276.98
10/28/15,1299.69,1270.01
10/29/15,1291.48,1262.05
10/30/15,1284.24,1254.98
11/2/15,1276,1246.94
11/3/15,1265.23,1236.49
11/4/15,1265.92,1237.19
11/5/15,1264.59,1235.91
11/6/15,1265.73,1236.94
11/9/15,1272.44,1243.41
11/10/15,1281.53,1252.18
11/11/15,1298.18,1268.46
11/12/15,1302.41,1272.36
11/13/15,1301.43,1271.4
11/16/15,1291.6,1261.89
11/17/15,1307.01,1276.96
11/18/15,1303.85,1273.71
11/19/15,1306.69,1276.55
11/20/15,1311.11,1280.65
11/23/15,1312.07,1281.56
11/24/15,1301.43,1271.06
11/25/15,1302.78,1272.24
11/27/15,1314.69,1283.95
11/30/15,1302.35,1271.95
12/1/15,1303.14,1272.7
12/2/15,1311.46,1280.69
12/3/15,1309.48,1278.71
12/4/15,1335.8,1304.41
12/7/15,1335.9,1304.44
12/8/15,1353.81,1321.63
12/9/15,1337.41,1305.6
12/10/15,1333.77,1302.09
12/11/15,1341.32,1309.26
12/14/15,1358.16,1325.68
12/15/15,1355.41,1322.98
12/16/15,1353.72,1321.31
12/17/15,1360.09,1327.54
12/18/15,1352.24,1319.78
12/21/15,1351.4,1318.97
12/22/15,1338.65,1306.68
12/23/15,1320.43,1289.13
12/24/15,1322.26,1290.89
12/28/15,1336.21,1304.4
12/29/15,1335.29,1302.82
12/30/15,1340.58,1308.02
12/31/15,1330.99,1298.64
1/4/16,1310.09,1278.19
1/5/16,1319.18,1287.06
1/6/16,1337.87,1305.37
1/7/16,1347.86,1315.06
1/8/16,1347.44,1314.6
1/11/16,1363.3,1330.08
1/12/16,1379.38,1345.79
1/13/16,1375.27,1341.93
1/14/16,1375.69,1342.38
1/15/16,1377.57,1344.26
1/19/16,1390.79,1357.13
1/20/16,1385.14,1351.45
1/21/16,1364.4,1331.2
1/22/16,1371.94,1338.56
1/25/16,1383.31,1349.66
1/26/16,1367.31,1334.06
1/27/16,1357.63,1324.46
1/28/16,1364.71,1331.09
1/29/16,1357.22,1323.68
2/1/16,1359.39,1325.98
2/2/16,1374.53,1340.73
2/3/16,1346.58,1313.46
2/4/16,1312.72,1280.43
2/5/16,1297.22,1265.2
2/8/16,1310.77,1278.47
2/9/16,1332.26,1299.37
2/10/16,1338.94,1305.59
2/11/16,1352.75,1318.77
2/12/16,1335.05,1301.37
2/16/16,1317.04,1283.71
2/17/16,1297.17,1264.29
2/18/16,1286.21,1253.62
2/19/16,1309.08,1275.92
2/22/16,1292.04,1259.27
2/23/16,1302.13,1269.13
2/24/16,1307.04,1273.9
2/25/16,1310.74,1277.54
2/26/16,1292.21,1259.53
2/29/16,1287.55,1254.96
3/1/16,1277.14,1244.78
3/2/16,1256.43,1224.55
3/3/16,1233.6,1201.92
3/4/16,1222.4,1190.95
3/7/16,1198.98,1168.16
3/8/16,1236.15,1204.4
3/9/16,1237.5,1205.54
3/10/16,1243.44,1211.33
3/11/16,1221.27,1189.71
3/14/16,1223.18,1191.67
3/15/16,1249.58,1217.32
3/16/16,1235.39,1203.43
3/17/16,1218.7,1187.13
3/18/16,1208.85,1177.51
3/21/16,1207.19,1175.95
3/22/16,1204.58,1173.33
3/23/16,1233.12,1201.2
3/24/16,1230.57,1198.72
3/28/16,1238.34,1206.25
3/29/16,1234.47,1201.99
3/30/16,1237.67,1205.21
3/31/16,1223.91,1191.77
4/1/16,1235.73,1203.3
4/4/16,1240.59,1208.03
4/5/16,1241.73,1209.13
4/6/16,1236.69,1204.27
4/7/16,1244.39,1211.88
4/8/16,1242.44,1209.99
4/11/16,1238.53,1206.17
4/12/16,1225.97,1194
4/13/16,1202.48,1171.33
4/14/16,1202.2,1170.98
4/15/16,1207.31,1175.95
4/18/16,1208.73,1177.33
4/19/16,1197.52,1166.43
4/20/16,1184.28,1153.47
4/21/16,1173.65,1143
4/22/16,1162.06,1131.74
4/25/16,1179.84,1149.08
4/26/16,1168.08,1137.64
4/27/16,1161.81,1131.6
4/28/16,1169.56,1139.03
4/29/16,1180.13,1149.09
5/2/16,1190.54,1159.24
5/3/16,1202.45,1170.91
5/4/16,1212.09,1180.13
5/5/16,1218.32,1186
5/6/16,1226.53,1193.87
5/9/16,1235.45,1202.56
5/10/16,1229.6,1196.82
5/11/16,1237.92,1204.84
5/12/16,1256.04,1222.3
5/13/16,1262.63,1228.71
5/16/16,1260,1226.27
5/17/16,1241.43,1208.26
5/18/16,1245.11,1211.78
5/19/16,1248.08,1214.68
5/20/16,1236.17,1203.07
5/23/16,1232.03,1199.14
5/24/16,1237.33,1204.38
5/25/16,1222.54,1190.13
5/26/16,1226.73,1194.17
5/27/16,1224.96,1192.44
5/31/16,1215.21,1182.93
6/1/16,1214.62,1182.37
6/2/16,1206.24,1174.24
6/3/16,1212.88,1180.73
6/6/16,1195.38,1163.62
6/7/16,1194.29,1162.62
6/8/16,1201.1,1169.37
6/9/16,1216.04,1183.85
6/10/16,1235.74,1203.02
6/13/16,1238.46,1205.98
6/14/16,1250,1217.22
6/15/16,1242.31,1209.8
6/16/16,1250.26,1217.42
6/17/16,1237.11,1204.64
6/20/16,1230.07,1197.85
6/21/16,1236.58,1204.19
6/22/16,1236.27,1203.88
6/23/16,1221.27,1189.27
6/24/16,1260.14,1227.16
6/27/16,1297.01,1263.09
6/28/16,1286.7,1252.47
6/29/16,1277.24,1243.37
6/30/16,1281.73,1247.75
7/1/16,1269.83,1236.22
7/5/16,1306.13,1271.55
7/6/16,1301.87,1267.62
7/7/16,1289.21,1255.38
7/8/16,1271,1237.66
7/11/16,1262.82,1229.7
7/12/16,1234.83,1202.45
7/13/16,1241.03,1208.6
7/14/16,1230.66,1198.53
7/15/16,1225.29,1193.3
7/18/16,1215.87,1184.14
7/19/16,1225.49,1193.51
7/20/16,1212.73,1181.05
7/21/16,1205.05,1173.56
7/22/16,1209.57,1177.98
7/25/16,1206.75,1175.24
7/26/16,1198,1166.75
7/27/16,1196.8,1165.59
7/28/16,1203.4,1171.9
7/29/16,1201.31,1169.74
8/1/16,1208.04,1176.25
8/2/16,1217.61,1185.51
8/3/16,1201.72,1170.01
8/4/16,1202.66,1170.79
8/5/16,1186.62,1155.15
8/8/16,1181,1149.69
8/9/16,1186.63,1155.14
8/10/16,1195.13,1163.57
8/11/16,1182.39,1150.93
8/12/16,1182.15,1150.66
8/15/16,1166.64,1135.59
8/16/16,1160.87,1129.98
8/17/16,1167.61,1136.49
8/18/16,1165.03,1133.97
8/19/16,1164.81,1133.81
8/22/16,1170.03,1138.91
8/23/16,1160.41,1129.57
8/24/16,1168.94,1138.06
8/25/16,1170.56,1139.65
8/26/16,1166.45,1135.64
8/29/16,1167.07,1136.3
8/30/16,1161.89,1131.35
8/31/16,1166.96,1136.05
9/1/16,1174.12,1143.09
9/2/16,1176.78,1145.66
9/6/16,1178.91,1147.73
9/7/16,1168.81,1137.85
9/8/16,1160.83,1130.24
9/9/16,1156.14,1125.65
9/12/16,1151.57,1121.15
9/13/16,1152.41,1122.2
9/14/16,1157.66,1127.29
9/15/16,1158.16,1127.92
9/16/16,1157.22,1126.98
9/19/16,1162.55,1132.1
9/20/16,1166.64,1136.12
9/21/16,1171.25,1140.54
9/22/16,1170.92,1140.21
9/23/16,1165.78,1135.2
9/26/16,1176.06,1145.23
9/27/16,1175.93,1145.05
9/28/16,1173.51,1143.03
9/29/16,1176.96,1146.57
9/30/16,1166.69,1136.56
10/3/16,1161.42,1131.51
10/4/16,1150.75,1121.13
10/5/16,1134.13,1105.18
10/6/16,1145.65,1116.42
10/7/16,1147.53,1118.27
10/10/16,1146.79,1117.56
10/11/16,1150.73,1121.39
10/12/16,1162.06,1132.41
10/13/16,1171.58,1141.66
10/14/16,1174.41,1144.43
10/17/16,1179.81,1149.71
10/18/16,1173.82,1143.87
10/19/16,1167.53,1137.87
10/20/16,1164.79,1135.16
10/21/16,1160.45,1130.93
10/24/16,1160.7,1131.18
10/25/16,1162.18,1132.57
10/26/16,1151.45,1122.09
10/27/16,1142.41,1113.59
10/28/16,1146.37,1117.4
10/31/16,1152.36,1123.1
11/1/16,1145.69,1116.59
11/2/16,1148.3,1119.08
11/3/16,1153.53,1123.87
11/4/16,1151.06,1121.47
11/7/16,1146.42,1116.99
11/8/16,1150.46,1120.97
11/9/16,1127.79,1098.9
11/10/16,1092.44,1064.28
11/11/16,1092.45,1064.3
11/14/16,1076.31,1048.69
11/15/16,1080.57,1053.03
11/16/16,1090.74,1062.96
11/17/16,1084.26,1056.52
11/18/16,1085.92,1058.23
11/21/16,1084.05,1056.43
11/22/16,1091.76,1063.98
11/23/16,1090.23,1062.44
11/25/16,1093.83,1065.84
11/28/16,1100.85,1072.75
11/29/16,1110.93,1082.11
11/30/16,1100.31,1071.67
12/1/16,1097.33,1068.75
12/2/16,1101.4,1072.73
12/5/16,1097.57,1069
12/6/16,1096.34,1067.99
12/7/16,1097.03,1068.6
12/8/16,1093.09,1064.82
12/9/16,1088.11,1059.91
12/12/16,1091.08,1062.84
12/13/16,1089.98,1061.65
12/14/16,1093.2,1064.81
12/15/16,1091.77,1063.38
12/16/16,1084.66,1056.58
12/19/16,1089.14,1060.97
12/20/16,1090.27,1062.08
12/21/16,1092.2,1064.05
12/22/16,1095.75,1067.45
12/23/16,1092.91,1064.71
12/27/16,1091.02,1062.82
12/28/16,1091.17,1063.6
12/29/16,1095.48,1067.71
12/30/16,1091.34,1063.69
1/3/17,1081.63,1054.23
1/4/17,1077.25,1050.01
1/5/17,1074.27,1047.09
1/6/17,1073.06,1046.05
1/9/17,1071.05,1044.1
1/10/17,1078.39,1051.26
1/11/17,1081.73,1054.5
1/12/17,1075.58,1048.46
1/13/17,1079.17,1051.96
1/17/17,1073.79,1046.72
1/18/17,1076.87,1049.74
1/19/17,1078.5,1051.44
1/20/17,1080.18,1053.04
1/23/17,1078.52,1051.43
1/24/17,1082.7,1055.47
1/25/17,1085.53,1058.22
1/26/17,1089.19,1061.84
1/27/17,1091.9,1064.46
1/30/17,1089.26,1061.94
1/31/17,1085.53,1058.32
2/1/17,1090.13,1062.78
2/2/17,1084.83,1057.56
2/3/17,1091.74,1064.15
2/6/17,1091.54,1063.92
2/7/17,1092.22,1064.61
2/8/17,1086.05,1058.66
2/9/17,1086.83,1059.38
2/10/17,1083.92,1056.59
2/13/17,1086.7,1059.29
2/14/17,1086.55,1059.12
2/15/17,1084.67,1057.13
2/16/17,1082.45,1054.99
2/17/17,1078.17,1050.85
2/21/17,1077.31,1050.02
2/22/17,1077.21,1049.84
2/23/17,1070.37,1043.09
2/24/17,1068.7,1041.48
2/27/17,1070.56,1043.11
2/28/17,1072.55,1045.02
3/1/17,1089.53,1061.48
3/2/17,1078.45,1050.67
3/3/17,1086.33,1058.39
3/6/17,1090.83,1062.68
3/7/17,1092.51,1064.33
3/8/17,1085,1056.91
3/9/17,1086.17,1058.05
3/10/17,1085.52,1057.19
3/13/17,1090.24,1061.44
3/14/17,1086.24,1057.38
3/15/17,1087.14,1058.21
3/16/17,1087,1058.07
3/17/17,1087.77,1058.78
3/20/17,1089.61,1060.62
3/21/17,1072.2,1043.65
3/22/17,1077.71,1049.02
3/23/17,1079.33,1050.62
3/24/17,1079.51,1050.8
3/27/17,1077.84,1049.18
3/28/17,1082.57,1053.84
3/29/17,1078.48,1050.03
3/30/17,1085.82,1057.03
3/31/17,1085.73,1056.94
4/3/17,1086.97,1058.04
4/4/17,1090.2,1061.22
4/5/17,1084.47,1055.68
4/6/17,1086.79,1057.9
4/7/17,1086.98,1058.09
4/10/17,1077.63,1048.99
4/11/17,1079.21,1050.45
4/12/17,1072.44,1043.87
4/13/17,1068.75,1040.2
4/17/17,1070.71,1042.12
4/18/17,1069.68,1041.12
4/19/17,1069.25,1040.67
4/20/17,1073.52,1044.82
4/21/17,1075.32,1046.57
4/24/17,1087.52,1058.45
4/25/17,1090.85,1061.69
4/26/17,1092.63,1063.23
4/27/17,1089.74,1060.41
4/28/17,1090.71,1061.41
5/1/17,1096.36,1066.91
5/2/17,1085.45,1056.29
5/3/17,1089.61,1060.3
5/4/17,1091,1061.53
5/5/17,1091.1,1061.64
5/8/17,1091.73,1062.31
5/9/17,1089.94,1060.58
5/10/17,1091.57,1062.2
5/11/17,1095.85,1066.3
5/12/17,1098.76,1069.21
5/15/17,1102.35,1072.51
5/16/17,1112.65,1082.55
5/17/17,1093.09,1063.53
5/18/17,1097.07,1067.35
5/19/17,1098.08,1068.34
5/22/17,1100.17,1070.37
5/23/17,1106.05,1076.1
5/24/17,1105.57,1075.5
5/25/17,1109.97,1079.77
5/26/17,1111.25,1081.08
5/30/17,1110.75,1080.37
5/31/17,1110.98,1080.45
6/1/17,1107.96,1077.48
6/2/17,1110.85,1080.28
6/5/17,1111.8,1081.11
6/6/17,1116.23,1085.38
6/7/17,1118.02,1086.99
6/8/17,1128.46,1097.08
6/9/17,1118.39,1087.29
6/12/17,1104.63,1073.93
6/13/17,1108.4,1077.14
6/14/17,1104.64,1073.39
6/15/17,1105.18,1073.95
6/16/17,1110.02,1078.75
6/19/17,1117.31,1085.89
6/20/17,1117.44,1085.98
6/21/17,1117.34,1085.87
6/22/17,1109.75,1078.37
6/23/17,1104.28,1073.03
6/26/17,1096.25,1065.24
6/27/17,1090.16,1059.31
6/28/17,1094.85,1063.85
6/29/17,1090.13,1059.18
6/30/17,1090.77,1059.83
7/3/17,1085.6,1054.68
7/5/17,1101,1069.65
7/6/17,1109.55,1077.93
7/7/17,1114.85,1083.07
7/10/17,1118.81,1086.93
7/11/17,1120.71,1088.71
7/12/17,1122.13,1090.11
7/13/17,1115.65,1083.78
7/14/17,1113.95,1082.11
7/17/17,1110.89,1079.13
7/18/17,1112.88,1081.1
7/19/17,1109.18,1077.55
7/20/17,1106.11,1074.45
7/21/17,1105.62,1073.99
7/24/17,1115.77,1083.79
7/25/17,1108.03,1076.27
7/26/17,1106.44,1074.72
7/27/17,1101.07,1069.34
7/28/17,1104.79,1073.14
7/31/17,1105.66,1074.01
8/1/17,1111.96,1080.05
8/2/17,1121.34,1089.16
8/3/17,1125.45,1093.11
8/4/17,1127.12,1094.7
8/7/17,1131.42,1098.94
8/8/17,1133.25,1100.63
8/9/17,1128.94,1096.53
8/10/17,1122.29,1089.95
8/11/17,1122.6,1090.29
8/14/17,1128.16,1095.7
8/15/17,1135.91,1103.12
8/16/17,1133.8,1101.06
8/17/17,1125.07,1092.4
8/18/17,1130.07,1097.34
8/21/17,1127.78,1095.1
8/22/17,1136.54,1103.56
8/23/17,1132.97,1100.05
8/24/17,1132.1,1099.23
8/25/17,1125.9,1093.22
8/28/17,1131.44,1098.56
8/29/17,1129.36,1096.68
8/30/17,1136.47,1103.55
8/31/17,1138,1104.85
9/1/17,1133.59,1100.59
9/5/17,1123.49,1090.79
9/6/17,1116.94,1084.41
9/7/17,1112.04,1079.41
9/8/17,1116.92,1084.16
9/11/17,1125.36,1092.28
9/12/17,1125.66,1092.54
9/13/17,1121.79,1088.67
9/14/17,1119.92,1086.38
9/15/17,1121.29,1087.75
9/18/17,1131.93,1098.17
9/19/17,1142.7,1108.67
9/20/17,1142.03,1108.01
9/21/17,1145.13,1111.01
9/22/17,1144.07,1109.92
9/25/17,1128.44,1094.55
9/26/17,1125.6,1091.79
9/27/17,1137.07,1102.92
9/28/17,1145.43,1110.5
9/29/17,1148.44,1113.39
10/2/17,1147.29,1112.19
10/3/17,1148.97,1113.72
10/4/17,1149.82,1114.47
10/5/17,1150.53,1115.19
10/6/17,1159.16,1123.65
10/9/17,1163.48,1127.84
10/10/17,1164.04,1128.38
10/11/17,1167.72,1131.95
10/12/17,1168.73,1132.7
10/13/17,1165.76,1129.82
10/16/17,1172.84,1136.72
10/17/17,1167.8,1131.83
10/18/17,1170.8,1134.73
10/19/17,1172.12,1135.98
10/20/17,1176.11,1139.75
10/23/17,1176.51,1140.12
10/24/17,1185.48,1148.77
10/25/17,1185.26,1148.58
10/26/17,1190.01,1153.12
10/27/17,1202.31,1165.13
10/30/17,1199.73,1162.32
10/31/17,1204.7,1167.21
11/1/17,1201.19,1163.81
11/2/17,1211.96,1174.2
11/3/17,1218.07,1180.13
11/6/17,1213.95,1175.98
11/7/17,1213.29,1175.35
11/8/17,1215.72,1177.76
11/9/17,1202,1164.38
11/10/17,1202.93,1165.15
11/13/17,1207.99,1170.04
11/14/17,1211.86,1173.53
11/15/17,1214.01,1175.62
11/16/17,1213.41,1175.2
11/17/17,1208.07,1169.92
11/20/17,1217.56,1179.12
11/21/17,1225.21,1186.51
11/22/17,1216.54,1178.13
11/24/17,1221.25,1182.6
11/27/17,1217.85,1179.31
11/28/17,1219.33,1180.67
11/29/17,1197.68,1159.55
11/30/17,1199.48,1161.04
12/1/17,1197.12,1158.76
12/4/17,1170.42,1132.85
12/5/17,1181.44,1143.55
12/6/17,1188.58,1150.51
12/7/17,1198.44,1159.93
12/8/17,1195.81,1157.39
12/11/17,1194.31,1155.74
12/12/17,1185.05,1146.76
12/13/17,1184.27,1146
12/14/17,1186.31,1147.69
12/15/17,1186.1,1147.4
12/18/17,1183.38,1144.75
12/19/17,1185.55,1146.78
12/20/17,1189.12,1150.26
12/21/17,1182.03,1143.41
12/22/17,1179.61,1141.08
12/26/17,1172.35,1133.99
12/27/17,1176.92,1138.44
12/28/17,1178.2,1139.01
12/29/17,1176.14,1136.79
1/2/18,1172.66,1133.42
1/3/18,1180.11,1140.51
1/4/18,1183.8,1144.12
1/5/18,1191.28,1151.34
1/8/18,1194.66,1154.62
1/9/18,1202.94,1162.6
1/10/18,1201.52,1161.23
1/11/18,1200.19,1159.94
1/12/18,1201.58,1161.25
1/16/18,1201.47,1161.12
1/17/18,1215.34,1174.58
1/18/18,1217.73,1176.84
1/19/18,1219.57,1178.61
1/22/18,1218.29,1177.38
1/23/18,1216.94,1176.05
1/24/18,1215.24,1174.4
1/25/18,1219.4,1178.42
1/26/18,1225.1,1183.92
1/29/18,1217.32,1176.4
1/30/18,1220.9,1179.53
1/31/18,1223.17,1181.67
2/1/18,1231.37,1189.63
2/2/18,1229.87,1188.24
2/5/18,1223.96,1182.49
2/6/18,1231.13,1189.45
2/7/18,1231.69,1190.05
2/8/18,1213.99,1172.96
2/9/18,1218.69,1177.69
2/12/18,1224.99,1183.78
2/13/18,1230.19,1188.66
2/14/18,1236.55,1194.69
2/15/18,1233.97,1192.33
2/16/18,1229.11,1187.47
2/20/18,1234.87,1193.02
2/21/18,1240.3,1198.17
2/22/18,1237.8,1195.75
2/23/18,1236.62,1194.61
2/26/18,1238.7,1196.75
2/27/18,1243.14,1200.94
2/28/18,1246.09,1203.64
3/1/18,1239.36,1197.13
3/2/18,1239.14,1196.43
3/5/18,1235.99,1193.35
3/6/18,1238.47,1195.82
3/7/18,1245.61,1202.71
3/8/18,1251.33,1208.02
3/9/18,1264.36,1220.6
3/12/18,1256.56,1213.03
3/13/18,1252.22,1208.78
3/14/18,1257.27,1213.46
3/15/18,1260.46,1216.38
3/16/18,1256.58,1212.54
3/19/18,1260.47,1216.32
3/20/18,1278.05,1233.32
3/21/18,1277.19,1232.59
3/22/18,1266.96,1222.72
3/23/18,1262.05,1217.98
3/26/18,1277.38,1232.71
3/27/18,1262.08,1217.94
3/28/18,1242.71,1198.08
3/29/18,1250.95,1205.84
4/2/18,1249.58,1204.31
4/3/18,1249.53,1204.27
4/4/18,1246.63,1201.36
4/5/18,1249.19,1203.9
4/6/18,1243.44,1198.37
4/9/18,1252.84,1207.44
4/10/18,1257.22,1211.71
4/11/18,1252.93,1207.58
4/12/18,1267.24,1221.27
4/13/18,1261.62,1215.89
4/16/18,1260.55,1214.78
4/17/18,1270.03,1223.88
4/18/18,1272.59,1226.36
4/19/18,1278.47,1231.99
4/20/18,1282.37,1235.69
4/23/18,1278.2,1231.68
4/24/18,1261.76,1215.82
4/25/18,1253.28,1207.64
4/26/18,1255.49,1209.78
4/27/18,1243.75,1197.87
4/30/18,1249.38,1203.31
5/1/18,1245.09,1199.19
5/2/18,1252.7,1206.52
5/3/18,1262.72,1216.12
5/4/18,1253.64,1207.35
5/7/18,1256.38,1209.85
5/8/18,1264.85,1218.01
5/9/18,1270.3,1223.23
5/10/18,1273.04,1225.92
5/11/18,1277.81,1230.39
5/14/18,1275,1227.89
5/15/18,1278.28,1230.91
5/16/18,1276.84,1229.46
5/17/18,1279.82,1232.17
5/18/18,1286.29,1238.25
5/21/18,1285.25,1237.19
5/22/18,1279.64,1231.89
5/23/18,1281.53,1233.69
5/24/18,1284.52,1236.54
5/25/18,1276.53,1228.86
5/29/18,1270.22,1222.75
5/30/18,1271.79,1224.15
5/31/18,1271.05,1223.06
6/1/18,1283.25,1234.6
6/4/18,1283.61,1234.95
6/5/18,1288.81,1239.93
6/6/18,1287.76,1238.93
6/7/18,1274.83,1226.17
6/8/18,1275.94,1227.29
6/11/18,1269.93,1221.45
6/12/18,1268.48,1219.9
6/13/18,1273.37,1224.63
6/14/18,1268.18,1219.46
6/15/18,1260.52,1212.05
6/18/18,1266,1217.3
6/19/18,1257.2,1208.88
6/20/18,1250.15,1202.1
6/21/18,1247.03,1198.92
6/22/18,1228.87,1181.28
6/25/18,1214.3,1167.18
6/26/18,1219.71,1172.38
6/27/18,1210.52,1163.55
6/28/18,1215.93,1167.99
6/29/18,1216.24,1168.12
7/2/18,1223.78,1175.25
7/3/18,1214.52,1166.29
7/5/18,1208.41,1160.47
7/6/18,1206.72,1158.86
7/9/18,1210.08,1162.02
7/10/18,1208.61,1160.66
7/11/18,1210.16,1162.15
7/12/18,1216.4,1168.07
7/13/18,1217.27,1168.94
7/16/18,1226.19,1177.46
7/17/18,1234.89,1185.78
7/18/18,1244.19,1194.73
7/19/18,1236.92,1187.68
7/20/18,1243.44,1193.94
7/23/18,1247.39,1197.74
7/24/18,1241.92,1192.45
7/25/18,1253.88,1203.93
7/26/18,1245.28,1195.66
7/27/18,1234.37,1185.02
7/30/18,1217.7,1168.82
7/31/18,1213.82,1165.04
8/1/18,1221.03,1171.96
8/2/18,1233.44,1183.92
8/3/18,1222.7,1173.56
8/6/18,1228.83,1179.45
8/7/18,1235.03,1185.4
8/8/18,1238.74,1188.96
8/9/18,1242.81,1192.85
8/10/18,1248.36,1197.98
8/13/18,1245.63,1195.31
8/14/18,1249.14,1198.78
8/15/18,1231.66,1181.88
8/16/18,1231.01,1181.07
8/17/18,1227.69,1177.72
8/20/18,1230.3,1180.19
8/21/18,1228.86,1178.72
8/22/18,1236.93,1186.49
8/23/18,1241.7,1190.93
8/24/18,1245.41,1194.46
8/27/18,1243.57,1192.73
8/28/18,1244.9,1194.02
8/29/18,1247.85,1196.93
8/30/18,1250.2,1198.81
8/31/18,1256.13,1204.33
9/4/18,1266.86,1214.58
9/5/18,1251.09,1199.3
9/6/18,1250.61,1198.66
9/7/18,1249.13,1197.18
9/10/18,1250.94,1198.87
9/11/18,1259.18,1206.77
9/12/18,1254.43,1202.21
9/13/18,1250.8,1198.87
9/14/18,1250.13,1198.15
9/17/18,1234.55,1183.19
9/18/18,1234.72,1183.37
9/19/18,1223.61,1172.76
9/20/18,1219.45,1168.67
9/21/18,1218.18,1167.38
9/24/18,1232.49,1181.11
9/25/18,1244.81,1192.86
9/26/18,1248.14,1196.05
9/27/18,1250.45,1197.81
9/28/18,1249.19,1196.38
10/1/18,1250.74,1197.69
10/2/18,1237.1,1184.5
10/3/18,1244.44,1191.54
10/4/18,1237.38,1184.78
10/5/18,1239.27,1186.62
10/8/18,1225.85,1173.75
10/9/18,1230.78,1178.43
10/10/18,1213.69,1162.07
10/11/18,1218.22,1166.3
10/12/18,1230.71,1178.3
10/15/18,1219.15,1167.3
10/16/18,1222.39,1170.39
10/17/18,1218.3,1166.48
10/18/18,1216.72,1165
10/19/18,1208.05,1156.67
10/22/18,1219.52,1167.67
10/23/18,1214.13,1162.47
10/24/18,1206.54,1155.22
10/25/18,1211.95,1160.42
10/26/18,1214.72,1163.04
10/29/18,1211.18,1159.66
10/30/18,1210.62,1159.06
10/31/18,1220.88,1168.85
11/1/18,1211.35,1159.71
11/2/18,1216.9,1164.9
11/5/18,1214.06,1162.14
11/6/18,1209.41,1157.64
11/7/18,1217.54,1165.46
11/8/18,1214.07,1161.76
11/9/18,1214.18,1161.71
11/12/18,1209.89,1157.61
11/13/18,1206.45,1154.21
11/14/18,1199.73,1147.65
11/15/18,1204.93,1152.5
11/16/18,1199.65,1147.2
11/19/18,1181.39,1129.76
11/20/18,1175.13,1123.8
11/21/18,1176.92,1125.25
11/23/18,1172.97,1121.39
11/26/18,1179.24,1127.37
11/27/18,1174.93,1123.21
11/28/18,1186.28,1134.07
11/29/18,1183.15,1131.17
11/30/18,1185.88,1133.51
12/3/18,1184.49,1132.21
12/4/18,1195.31,1142.47
12/6/18,1201.5,1148.11
12/7/18,1197.18,1143.87
12/10/18,1207.61,1153.87
12/11/18,1212.88,1158.93
12/12/18,1213.48,1159.59
12/13/18,1218.88,1164.93
12/14/18,1217.82,1163.89
12/17/18,1206.78,1153.36
12/18/18,1211.79,1158.03
12/19/18,1217.53,1163.36
12/20/18,1212.27,1158.34
12/21/18,1214.86,1160.83
12/24/18,1211.37,1157.48
12/26/18,1215.93,1161.77
12/27/18,1217.79,1163.74
12/28/18,1217.22,1163.29
12/31/18,1221.75,1167.41
1/2/19,1205.5,1151.83
1/3/19,1200.53,1147.13
1/4/19,1195.38,1142.18
1/7/19,1196.14,1142.9
1/8/19,1197.36,1144.04
1/9/19,1192.58,1139.49
1/10/19,1188.13,1135.14
1/11/19,1182.8,1130.06
1/14/19,1183.97,1131.19
1/15/19,1192.24,1139.13
1/16/19,1191.3,1138.23
1/17/19,1191.13,1138.03
1/18/19,1184.97,1132.05
1/22/19,1193.18,1139.92
1/23/19,1197.24,1143.81
1/24/19,1184.22,1131.33
1/25/19,1176.71,1124
1/28/19,1172.95,1120.4
1/29/19,1170.31,1117.9
1/30/19,1172.82,1120.41
1/31/19,1175.96,1123.42
2/1/19,1175.21,1122.83
2/4/19,1177.3,1124.87
2/5/19,1177.37,1124.92
2/6/19,1175.17,1122.87
2/7/19,1182.17,1129.54
2/8/19,1184.09,1131.37
2/11/19,1181.54,1128.86
2/12/19,1174.16,1121.72
2/13/19,1171.77,1119.43
2/14/19,1176.34,1123.65
2/15/19,1175.22,1122.43
2/19/19,1169.37,1116.84
2/20/19,1163.35,1110.99
2/21/19,1168.32,1115.65
2/22/19,1168.55,1115.86
2/25/19,1164.37,1111.85
2/26/19,1168.89,1116.14
2/27/19,1172.28,1119.41
2/28/19,1181.72,1128.13
3/1/19,1178.3,1124.65
3/4/19,1169.63,1116.29
3/5/19,1176.39,1122.67
3/6/19,1180.41,1126.37
3/7/19,1186.8,1132.24
3/8/19,1188.7,1133.96
3/11/19,1186.33,1131.68
3/12/19,1186.02,1131.32
3/13/19,1184.68,1130.1
3/14/19,1189.76,1134.95
3/15/19,1187.36,1132.69
3/18/19,1184.28,1129.75
3/19/19,1189.23,1134.48
3/20/19,1196.86,1141.74
3/21/19,1197.86,1142.64
3/22/19,1205.03,1149.52
3/25/19,1211.31,1155.37
3/26/19,1204.68,1149.02
3/27/19,1200.48,1144.96
3/28/19,1201.98,1146.51
3/29/19,1198.75,1143.42
4/1/19,1188.27,1133.42
4/2/19,1188.78,1133.88
4/3/19,1185.15,1130.54
4/4/19,1172.43,1118.35
4/5/19,1169.19,1115.27
4/8/19,1167.66,1113.88
4/9/19,1178.83,1124.54
4/10/19,1178.57,1124.25
4/11/19,1178.82,1124.32
4/12/19,1167.87,1113.73
4/15/19,1172.4,1118.12
4/16/19,1161.35,1107.53
4/17/19,1156.15,1102.57
4/18/19,1159.67,1105.93
4/22/19,1166.93,1112.89
4/23/19,1168.53,1114.44
4/24/19,1172.39,1118.14
4/25/19,1185.69,1130.81
4/26/19,1186.45,1131.51
4/29/19,1184.45,1129.7
4/30/19,1188.65,1133.73
5/1/19,1189.78,1134.78
5/2/19,1193.3,1138.19
5/3/19,1188.98,1133.94
5/6/19,1194.27,1139.03
5/7/19,1198,1142.52
5/8/19,1205.25,1149.5
5/9/19,1205.92,1149.98
5/10/19,1209.93,1153.68
5/13/19,1218.27,1161.73
5/14/19,1217.72,1161.24
5/15/19,1218.13,1161.64
5/16/19,1229.38,1172.37
5/17/19,1235.98,1178.62
5/20/19,1239.7,1182.17
5/21/19,1235.73,1178.28
5/22/19,1245.76,1187.85
5/23/19,1246.77,1188.79
5/24/19,1248.61,1190.6
5/28/19,1257.11,1198.76
5/29/19,1254.61,1196.35
5/30/19,1266.5,1207.48
5/31/19,1278.23,1218.51
6/3/19,1264.88,1205.78
6/4/19,1242.5,1184.12
6/5/19,1261.98,1202.67
6/6/19,1269.01,1209.41
6/7/19,1270.94,1211.04
6/10/19,1264.98,1205.36
6/11/19,1257.99,1198.67
6/12/19,1273.85,1213.82
6/13/19,1259.13,1199.4
6/14/19,1268.83,1208.76
6/17/19,1267.67,1207.75
6/18/19,1254.23,1194.87
6/19/19,1264,1204.13
6/20/19,1260.26,1200.55
6/21/19,1255.72,1196.21
6/24/19,1262.43,1202.67
6/25/19,1255.94,1196.48
6/26/19,1235.4,1176.87
6/27/19,1228.78,1170.41
6/28/19,1223.19,1165
7/1/19,1227.38,1168.95
7/2/19,1242.11,1183.1
7/3/19,1246.16,1186.95
7/5/19,1246.18,1186.94
7/8/19,1257.41,1197.75
7/9/19,1260.52,1200.86
7/10/19,1264.48,1204.64
7/11/19,1268.22,1208.15
7/12/19,1258.21,1198.47
7/15/19,1264.57,1204.54
7/16/19,1260.53,1200.69
7/17/19,1269.45,1209.21
7/18/19,1269.27,1208.92
7/19/19,1257.82,1197.89
7/22/19,1258.89,1198.84
7/23/19,1242.03,1182.74
7/24/19,1231.06,1172.28
7/25/19,1243.69,1184.36
7/26/19,1240.88,1181.56
7/29/19,1240.2,1180.86
7/30/19,1226.91,1168.31
7/31/19,1236.3,1177.33
8/1/19,1269.73,1209.24
8/2/19,1279.97,1219.02
8/5/19,1284.76,1223.72
8/6/19,1295.07,1233.52
8/7/19,1302.97,1241.14
8/8/19,1308.38,1246.2
8/9/19,1327.75,1264.64
8/12/19,1335.86,1272.39
8/13/19,1331.64,1268.35
8/14/19,1339.8,1276.14
8/15/19,1357.74,1293.11
8/16/19,1348.47,1284.14
8/19/19,1339.73,1275.57
8/20/19,1343.1,1278.67
8/21/19,1345.16,1280.41
8/22/19,1348.1,1283.11
8/23/19,1358.28,1292.91
8/26/19,1363.13,1297.49
8/27/19,1376.67,1310.45
8/28/19,1368.07,1302.15
8/29/19,1356.68,1290.85
8/30/19,1346.34,1280.88
9/3/19,1363.22,1296.68
9/4/19,1350.85,1284.83
9/5/19,1318.3,1253.75
9/6/19,1316.42,1251.95
9/9/19,1256.74,1194.99
9/10/19,1205.46,1146.01
9/11/19,1184.18,1125.78
9/12/19,1198.3,1138.95
9/13/19,1187.57,1128.78
9/16/19,1179.95,1121.54
9/17/19,1214.58,1154.55
9/18/19,1221.4,1160.97
9/19/19,1229,1168.25
9/20/19,1232.93,1172.06
9/23/19,1234.54,1173.6
9/24/19,1254.78,1192.81
9/25/19,1239.97,1178.71
9/26/19,1253.91,1192.23
9/27/19,1242.67,1181.04
9/30/19,1243.27,1181.67
10/1/19,1267.58,1204.83
10/2/19,1278.18,1214.94
10/3/19,1284.57,1220.96
10/4/19,1292.98,1229.02
10/7/19,1294.28,1230.28
10/8/19,1307.35,1242.66
10/9/19,1312,1247.21
10/10/19,1305.27,1240.67
10/11/19,1276.36,1212.93
10/14/19,1279.19,1215.64
10/15/19,1263.22,1200.39
10/16/19,1258.66,1196.04
10/17/19,1258.33,1195.59
10/18/19,1258.34,1195.61
10/21/19,1244.42,1182.32
10/22/19,1216.1,1155.33
10/23/19,1210.35,1149.85
10/24/19,1224.84,1163.43
10/25/19,1207.34,1146.54
10/28/19,1198.06,1137.68
10/29/19,1207.11,1146.33
10/30/19,1219.28,1158.09
10/31/19,1229.94,1168.2
11/1/19,1199.71,1139.38
11/4/19,1161.93,1103.32
11/5/19,1140.01,1082.39
11/6/19,1158.32,1099.89
11/7/19,1143.97,1085.78
11/8/19,1146.09,1087.65
11/11/19,1157.86,1098.88
11/12/19,1165.25,1105.92
11/13/19,1184.1,1123.84
11/14/19,1187.83,1127.09
11/15/19,1180.48,1120.03
11/18/19,1194.58,1133.41
11/19/19,1206.8,1144.95
11/20/19,1216.75,1154.43
11/21/19,1207.55,1145.54
11/22/19,1196.02,1134.55
11/25/19,1183.72,1122.73
11/26/19,1200.21,1138.4
11/27/19,1194.5,1132.83
11/29/19,1198.57,1136.57
12/2/19,1190.99,1129.38
12/3/19,1202.72,1140.39
12/4/19,1196.6,1134.52
12/5/19,1199.1,1136.73
12/6/19,1187.28,1125.53
12/9/19,1182.2,1120.58
12/10/19,1181.46,1119.78
12/11/19,1181.44,1119.78
12/12/19,1156.39,1095.94
12/13/19,1165.37,1104.29
12/16/19,1164.12,1103.1
12/17/19,1158.75,1098.03
12/18/19,1153.82,1093.36
12/19/19,1151.46,1091.13
12/20/19,1158.92,1098.24
12/23/19,1150.09,1089.92
12/24/19,1153.22,1092.89
12/26/19,1155.27,1094.88
12/27/19,1160.5,1099.85
12/30/19,1158.66,1097.37
12/31/19,1156.93,1095.71
1/2/20,1166.36,1104.46
1/3/20,1174.64,1112.41
1/6/20,1176.61,1114.32
1/7/20,1175.73,1113.4
1/8/20,1177.51,1115.1
1/9/20,1188.76,1125.74
1/10/20,1193.58,1130.32
1/13/20,1201.79,1138.11
1/14/20,1191.12,1127.96
1/15/20,1199.02,1135.46
1/16/20,1195.72,1132.32
1/17/20,1201.51,1137.82
1/21/20,1215.51,1151.07
1/22/20,1221.01,1156.3
1/23/20,1220.27,1155.55
1/24/20,1229.61,1164.18
1/27/20,1241.54,1175.54
1/28/20,1247.88,1181.59
1/29/20,1253.25,1186.68
1/30/20,1260.77,1193.65
1/31/20,1266.02,1198.59
2/3/20,1267.81,1200.25
2/4/20,1265.72,1198.17
2/5/20,1237.43,1171.25
2/6/20,1244.17,1177.71
2/7/20,1256.18,1189.28
2/10/20,1264.14,1196.86
2/11/20,1261.06,1193.92
2/12/20,1254.75,1187.79
2/13/20,1270.22,1202.08
2/14/20,1278.87,1210.31
2/18/20,1288.14,1219.16
2/19/20,1289.41,1220.15
2/20/20,1277.7,1208.72
2/21/20,1272.7,1204.05
2/24/20,1281.61,1212.62
2/25/20,1291.82,1222.55
2/26/20,1308.12,1238.03
2/27/20,1302.41,1232.4
2/28/20,1296.29,1226.52
3/2/20,1314.65,1243.9
3/3/20,1335.29,1263.31
3/4/20,1357.71,1284.44
3/5/20,1371.97,1297.89
3/6/20,1368.72,1294.7
3/9/20,1389.34,1314.18
3/10/20,1393.26,1317.82
3/11/20,1401.92,1326.13
3/12/20,1412.04,1335.49
3/13/20,1408.67,1332.17
3/16/20,1378.26,1303.38
3/17/20,1392.39,1316.6
3/18/20,1397.64,1321.64
3/19/20,1380.69,1305.52
3/20/20,1378.15,1303.15
3/23/20,1384.03,1308.76
3/24/20,1388.71,1312.93
3/25/20,1386.8,1311.09
3/26/20,1405.41,1328.7
3/27/20,1416.73,1339.46
3/30/20,1437.56,1358.88
3/31/20,1422.96,1345.06
4/1/20,1417.53,1339.98
4/2/20,1425.94,1347.84
4/3/20,1418.01,1340.35
4/6/20,1427.49,1349.17
4/7/20,1406.79,1329.55
4/8/20,1407.38,1330.11
4/9/20,1405.34,1327.98
4/13/20,1411.23,1333.53
4/14/20,1431.97,1353.14
4/15/20,1441.88,1362.62
4/16/20,1455.23,1375.03
4/17/20,1447.58,1367.68
4/20/20,1438.68,1359.27
4/21/20,1426.83,1347.95
4/22/20,1448.42,1368.39
4/23/20,1438.3,1358.81
4/24/20,1434.28,1354.97
4/27/20,1422.46,1343.62
4/28/20,1405.42,1327.43
4/29/20,1397.16,1319.49
4/30/20,1404.61,1326.54
5/1/20,1416.42,1337.94
5/4/20,1426.59,1347.57
5/5/20,1443.13,1363.2
5/6/20,1452.91,1372.54
5/7/20,1454.12,1373.43
5/8/20,1435.21,1355.27
5/11/20,1454.99,1374.1