Date,SPY
4/22/13,134.732071
4/23/13,136.120987
4/24/13,136.207321
4/25/13,136.759445
4/26/13,136.517853
4/29/13,137.432373
4/30/13,137.760193
5/1/13,136.552444
5/2/13,137.820633
5/3/13,139.218185
5/6/13,139.571899
5/7/13,140.279388
5/8/13,140.917755
5/9/13,140.520935
5/10/13,140.97818
5/13/13,141.090286
5/14/13,142.54834
5/15/13,143.316147
5/16/13,142.64325
5/17/13,144.023605
5/20/13,144.014938
5/21/13,144.222046
5/22/13,143.152283
5/23/13,142.738113
5/24/13,142.617386
5/28/13,143.471466
5/29/13,142.539703
5/30/13,143.065979
5/31/13,141.012695
6/3/13,141.789154
6/4/13,141.10759
6/5/13,139.131927
6/6/13,140.391541
6/7/13,142.177368
6/10/13,142.177368
6/11/13,140.710724
6/12/13,139.546021
6/13/13,141.66835
6/14/13,140.779709
6/17/13,141.866791
6/18/13,142.988312
6/19/13,141.012695
6/20/13,137.518631
6/21/13,137.960083
6/24/13,136.216858
6/25/13,137.526443
6/26/13,138.888138
6/27/13,139.703339
6/28/13,139.130951
7/1/13,139.946243
7/2/13,139.816116
7/3/13,139.876755
7/5/13,141.385925
7/8/13,142.192474
7/9/13,143.215851
7/10/13,143.267883
7/11/13,145.21933
7/12/13,145.280029
7/15/13,145.835129
7/16/13,145.288712
7/17/13,145.661652
7/18/13,146.459534
7/19/13,146.719727
7/22/13,147.005951
7/23/13,146.693756
7/24/13,146.156006
7/25/13,146.511581
7/26/13,146.667694
7/29/13,146.216705
7/30/13,146.216705
7/31/13,146.320847
8/1/13,148.011993
8/2/13,148.263519
8/5/13,148.046722
8/6/13,147.205399
8/7/13,146.728439
8/8/13,147.266144
8/9/13,146.841202
8/12/13,146.667694
8/13/13,147.101349
8/14/13,146.346802
8/15/13,144.300034
8/16/13,143.823013
8/19/13,142.903671
8/20/13,143.606171
8/21/13,142.721542
8/22/13,144.022476
8/23/13,144.508163
8/26/13,143.970444
8/27/13,141.6548
8/28/13,142.157837
8/29/13,142.383301
8/30/13,141.932281
9/3/13,142.574081
9/4/13,143.753586
9/5/13,143.935715
9/6/13,144.005112
9/9/13,145.38414
9/10/13,146.459534
9/11/13,146.91922
9/12/13,146.528931
9/13/13,146.858459
9/16/13,147.708435
9/17/13,148.367584
9/18/13,150.084824
9/19/13,149.833298
9/20/13,148.785751
9/23/13,148.097214
9/24/13,147.748627
9/25/13,147.321594
9/26/13,147.888107
9/27/13,147.208298
9/30/13,146.42395
10/1/13,147.583084
10/2/13,147.443649
10/3/13,146.084045
10/4/13,147.190918
10/7/13,145.918442
10/8/13,144.219025
10/9/13,144.323593
10/10/13,147.434891
10/11/13,148.384811
10/14/13,148.977524
10/15/13,147.89679
10/16/13,149.962357
10/17/13,150.964584
10/18/13,151.984238
10/21/13,151.99292
10/22/13,152.87323
10/23/13,152.141113
10/24/13,152.646576
10/25/13,153.343826
10/28/13,153.587845
10/29/13,154.407059
10/30/13,153.640091
10/31/13,153.204376
11/1/13,153.570419
11/4/13,154.110733
11/5/13,153.622696
11/6/13,154.407059
11/7/13,152.454834
11/8/13,154.511673
11/11/13,154.537781
11/12/13,154.224014
11/13/13,155.461578
11/14/13,156.237274
11/15/13,156.917038
11/18/13,156.36795
11/19/13,156.028076
11/20/13,155.540054
11/21/13,156.794998
11/22/13,157.579391
11/25/13,157.422531
11/26/13,157.46611
11/27/13,157.849564
11/29/13,157.744965
12/2/13,157.335373
12/3/13,156.655594
12/4/13,156.638138
12/5/13,155.9496
12/6/13,157.692688
12/9/13,158.093582
12/10/13,157.527069
12/11/13,155.75795
12/12/13,155.243713
12/13/13,155.226303
12/16/13,156.193634
12/17/13,155.696884
12/18/13,158.355057
12/19/13,158.172012
12/20/13,159.092087
12/23/13,159.942047
12/24/13,160.292557
12/26/13,161.107468
12/27/13,161.098679
12/30/13,161.072433
12/31/13,161.834747
1/2/14,160.283783
1/3/14,160.257507
1/6/14,159.793076
1/7/14,160.774506
1/8/14,160.809509
1/9/14,160.914673
1/10/14,161.352829
1/13/14,159.206024
1/14/14,160.940979
1/15/14,161.808456
1/16/14,161.59819
1/17/14,160.914673
1/21/14,161.387833
1/22/14,161.493027
1/23/14,160.169846
1/24/14,156.752472
1/27/14,155.981415
1/28/14,156.910217
1/29/14,155.403091
1/30/14,157.050415
1/31/14,156.130356
2/3/14,152.616592
2/4/14,153.685638
2/5/14,153.492828
2/6/14,155.516998
2/7/14,157.444687
2/10/14,157.733887
2/11/14,159.460129
2/12/14,159.538986
2/13/14,160.362656
2/14/14,161.24765
2/18/14,161.440414
2/19/14,160.371414
2/20/14,161.31778
2/21/14,161.133743
2/24/14,162.027527
2/25/14,161.966156
2/26/14,161.97496
2/27/14,162.824921
2/28/14,163.23674
3/3/14,162.088867
3/4/14,164.367142
3/5/14,164.516068
3/6/14,164.892853
3/7/14,164.962952
3/10/14,164.875366
3/11/14,164.06041
3/12/14,164.104248
3/13/14,162.264099
3/14/14,161.808456
3/17/14,163.271774
3/18/14,164.437195
3/19/14,163.560959
3/20/14,164.516068
3/21/14,163.877991
3/24/14,163.200287
3/25/14,163.974792
3/26/14,162.795486
3/27/14,162.45224
3/28/14,163.253082
3/31/14,164.590851
4/1/14,165.682236
4/2/14,166.23671
4/3/14,166.016724
4/4/14,164.053986
4/7/14,162.240982
4/8/14,162.909866
4/9/14,164.661285
4/10/14,161.202438
4/11/14,159.750229
4/14/14,161.008774
4/15/14,162.117752
4/16/14,163.816406
4/17/14,164.045181
4/21/14,164.617264
4/22/14,165.365372
4/23/14,164.978104
4/24/14,165.312546
4/25/14,163.957199
4/28/14,164.476471
4/29/14,165.242157
4/30/14,165.735046
5/1/14,165.752625
5/2/14,165.514999
5/5/14,165.831833
5/6/14,164.388458
5/7/14,165.356598
5/8/14,165.180557
5/9/14,165.427002
5/12/14,167.037598
5/13/14,167.187256
5/14/14,166.395126
5/15/14,164.934143
5/16/14,165.506195
5/19/14,166.11348
5/20/14,165.066162
5/21/14,166.456741
5/22/14,166.861603
5/23/14,167.530487
5/27/14,168.560242
5/28/14,168.436996
5/29/14,169.308304
5/30/14,169.581131
6/2/14,169.774765
6/3/14,169.686768
6/4/14,170.030014
6/5/14,171.138931
6/6/14,171.957443
6/9/14,172.13353
6/10/14,172.151123
6/11/14,171.552597
6/12/14,170.338058
6/13/14,170.857315
6/16/14,170.998123
6/17/14,171.47345
6/18/14,172.731979
6/19/14,172.925613
6/20/14,173.276688
6/23/14,173.223648
6/24/14,172.180099
6/25/14,172.958328
6/26/14,172.834549
6/27/14,173.170563
6/30/14,173.082123
7/1/14,174.240601
7/2/14,174.41745
7/3/14,175.275284
7/7/14,174.665054
7/8/14,173.541962
7/9/14,174.32016
7/10/14,173.630432
7/11/14,173.869217
7/14/14,174.744675
7/15/14,174.41745
7/16/14,175.063049
7/17/14,173.073227
7/18/14,174.841949
7/21/14,174.514771
7/22/14,175.275284
7/23/14,175.664368
7/24/14,175.673248
7/25/14,174.85083
7/28/14,174.921509
7/29/14,174.16983
7/30/14,174.196381
7/31/14,170.756317
8/1/14,170.234573
8/4/14,171.463776
8/5/14,169.801239
8/6/14,169.854309
8/7/14,168.934601
8/8/14,170.888962
8/11/14,171.384186
8/12/14,171.145462
8/13/14,172.303894
8/14/14,173.117493
8/15/14,173.082123
8/18/14,174.532471
8/19/14,175.443314
8/20/14,175.912018
8/21/14,176.424942
8/22/14,176.150757
8/25/14,177.04393
8/26/14,177.15892
8/27/14,177.088196
8/28/14,176.99086
8/29/14,177.494995
9/2/14,177.406509
9/3/14,177.309219
9/4/14,177.052795
9/5/14,177.848679
9/8/14,177.388855
9/9/14,176.265747
9/10/14,176.92897
9/11/14,177.132401
9/12/14,176.097672
9/15/14,175.965027
9/16/14,177.291534
9/17/14,177.530334
9/18/14,178.476563
9/19/14,178.315735
9/22/14,176.938599
9/23/14,175.925766
9/24/14,177.302902
9/25/14,174.442047
9/26/14,175.828064
9/29/14,175.508209
9/30/14,175.046219
10/1/14,172.673981
10/2/14,172.700638
10/3/14,174.60199
10/6/14,174.397552
10/7/14,171.705536
10/8/14,174.708527
10/9/14,171.243546
10/10/14,169.28891
10/13/14,166.508011
10/14/14,166.765656
10/15/14,165.637268
10/16/14,165.495163
10/17/14,167.449768
10/20/14,169.075653
10/21/14,172.425232
10/22/14,171.199158
10/23/14,173.189285
10/24/14,174.522018
10/27/14,174.28215
10/28/14,176.281174
10/29/14,176.014648
10/30/14,177.143005
10/31/14,179.168686
11/3/14,179.266434
11/4/14,178.644501
11/5/14,179.772903
11/6/14,180.492508
11/7/14,180.661316
11/10/14,181.229919
11/11/14,181.407623
11/12/14,181.212189
11/13/14,181.416519
11/14/14,181.460953
11/17/14,181.576447
11/18/14,182.624832
11/19/14,182.331635
11/20/14,182.651489
11/21/14,183.628799
11/24/14,184.144104
11/25/14,184.010803
11/26/14,184.48172
11/28/14,184.090851
12/1/14,182.811417
12/2/14,183.993042
12/3/14,184.703842
12/4/14,184.499512
12/5/14,184.801559
12/8/14,183.566589
12/9/14,183.442215
12/10/14,180.501434
12/11/14,181.416519
12/12/14,178.484558
12/15/14,177.258499
12/16/14,175.836929
12/17/14,179.284225
12/18/14,183.717697
12/19/14,184.499374
12/22/14,185.348053
12/23/14,185.598221
12/24/14,185.616058
12/26/14,186.2146
12/29/14,186.464767
12/30/14,185.464218
12/31/14,183.623886
1/2/15,183.525574
1/5/15,180.211166
1/6/15,178.513748
1/7/15,180.738266
1/8/15,183.945465
1/9/15,182.47142
1/12/15,181.041992
1/13/15,180.532776
1/14/15,179.442856
1/15/15,177.799088
1/16/15,180.130783
1/20/15,180.514923
1/21/15,181.426163
1/22/15,184.124146
1/23/15,183.114609
1/26/15,183.543442
1/27/15,181.122406
1/28/15,178.799606
1/29/15,180.452377
1/30/15,178.183197
2/2/15,180.389832
2/3/15,182.998474
2/4/15,182.301651
2/5/15,184.142014
2/6/15,183.632797
2/9/15,182.810867
2/10/15,184.758377
2/11/15,184.865631
2/12/15,186.643433
2/13/15,187.411743
2/17/15,187.706589
2/18/15,187.724411
2/19/15,187.590469
2/20/15,188.716064
2/23/15,188.68927
2/24/15,189.225311
2/25/15,189.064514
2/26/15,188.841171
2/27/15,188.197922
3/2/15,189.386124
3/3/15,188.608871
3/4/15,187.813736
3/5/15,188.019241
3/6/15,185.374847
3/9/15,186.143158
3/10/15,183.123535
3/11/15,182.694702
3/12/15,185.017471
3/13/15,183.88295
3/16/15,186.339691
3/17/15,185.785812
3/18/15,188.019241
3/19/15,187.161606
3/20/15,188.81369
3/23/15,188.445755
3/24/15,187.386887
3/25/15,184.64093
3/26/15,184.201218
3/27/15,184.622971
3/30/15,186.875336
3/31/15,185.242142
4/1/15,184.587082
4/2/15,185.251114
4/6/15,186.498444
4/7/15,186.004929
4/8/15,186.633072
4/9/15,187.458649
4/10/15,188.481613
4/13/15,187.62912
4/14/15,187.988052
4/15/15,188.831589
4/16/15,188.77771
4/17/15,186.60614
4/20/15,188.311127
4/21/15,188.086777
4/22/15,189.011078
4/23/15,189.486694
4/24/15,189.926422
4/27/15,189.136719
4/28/15,189.73793
4/29/15,188.957245
4/30/15,187.063797
5/1/15,189.091858
5/4/15,189.63028
5/5/15,187.458649
5/6/15,186.686905
5/7/15,187.431702
5/8/15,189.899445
5/11/15,188.993118
5/12/15,188.42778
5/13/15,188.463699
5/14/15,190.42894
5/15/15,190.635315
5/18/15,191.22757
5/19/15,191.164749
5/20/15,191.030106
5/21/15,191.586472
5/22/15,191.12886
5/26/15,189.073868
5/27/15,190.868591
5/28/15,190.653244
5/29/15,189.468735
6/1/15,189.854614
6/2/15,189.666122
6/3/15,190.168671
6/4/15,188.562363
6/5/15,188.239319
6/8/15,187.081741
6/9/15,187.054794
6/10/15,189.298218
6/11/15,189.908417
6/12/15,188.454681
6/15/15,187.647095
6/16/15,188.670074
6/17/15,188.975159
6/18/15,190.940414
6/19/15,190.092789
6/22/15,191.06665
6/23/15,191.201904
6/24/15,189.813232
6/25/15,189.236084
6/26/15,189.200043
6/29/15,185.232468
6/30/15,185.620193
7/1/15,187.108032
7/2/15,186.936707
7/6/15,186.404739
7/7/15,187.576965
7/8/15,184.429947
7/9/15,184.763565
7/10/15,187.089981
7/13/15,189.154953
7/14/15,189.975525
7/15/15,189.912415
7/16/15,191.436325
7/17/15,191.598648
7/20/15,191.697861
7/21/15,190.940399
7/22/15,190.597748
7/23/15,189.524658
7/24/15,187.558914
7/27/15,186.467819
7/28/15,188.758194
7/29/15,190.056717
7/30/15,190.101776
7/31/15,189.813232
8/3/15,189.173019
8/4/15,188.803329
8/5/15,189.425507
8/6/15,187.874527
8/7/15,187.51384
8/10/15,189.876373
8/11/15,188.163071
8/12/15,188.388519
8/13/15,188.154068
8/14/15,188.839401
8/17/15,189.894379
8/18/15,189.34433
8/19/15,187.847504
8/20/15,183.924973
8/21/15,178.388367
8/24/15,170.876999
8/25/15,168.866135
8/26/15,175.349579
8/27/15,179.686859
8/28/15,179.695862
8/31/15,178.244125
9/1/15,172.923904
9/2/15,176.206207
9/3/15,176.332443
9/4/15,173.66333
9/8/15,178.027679
9/9/15,175.647156
9/10/15,176.602951
9/11/15,177.405502
9/14/15,176.747238
9/15/15,178.956467
9/16/15,180.507416
9/17/15,180.101639
9/18/15,177.158524
9/21/15,178.074005
9/22/15,175.762665
9/23/15,175.481674
9/24/15,174.847153
9/25/15,174.801865
9/28/15,170.41481
9/29/15,170.514511
9/30/15,173.69603
10/1/15,174.149231
10/2/15,176.750641
10/5/15,179.895889
10/6/15,179.279541
10/7/15,180.74794
10/8/15,182.379486
10/9/15,182.488266
10/12/15,182.660446
10/13/15,181.509308
10/14/15,180.639114
10/15/15,183.412781
10/16/15,184.246704
10/19/15,184.337296
10/20/15,184.101685
10/21/15,182.959595
10/22/15,186.050446
10/23/15,188.089859
10/26/15,187.627609
10/27/15,187.26503
10/28/15,189.395096
10/29/15,189.286316
10/30/15,188.470566
11/2/15,190.700363
11/3/15,191.25325
11/4/15,190.673111
11/5/15,190.482803
11/6/15,190.383087
11/9/15,188.606522
11/10/15,189.04158
11/11/15,188.29837
11/12/15,185.669739
11/13/15,183.584976
11/16/15,186.376755
11/17/15,186.240799
11/18/15,189.195709
11/19/15,189.032562
11/20/15,189.72142
11/23/15,189.50383
11/24/15,189.75766
11/25/15,189.730499
11/27/15,189.948029
11/30/15,189.159454
12/1/15,190.963196
12/2/15,189.01442
12/3/15,186.367691
12/4/15,190.002411
12/7/15,188.851273
12/8/15,187.582275
12/9/15,186.12294
12/10/15,186.603348
12/11/15,182.986755
12/14/15,183.911285
12/15/15,185.841949
12/16/15,188.561188
12/17/15,185.687866
12/18/15,182.379852
12/21/15,183.884308
12/22/15,185.552948
12/23/15,187.850708
12/24/15,187.540649
12/28/15,187.112167
12/29/15,189.108963
12/30/15,187.768616
12/31/15,185.890274
1/4/16,183.291626
1/5/16,183.601654
1/6/16,181.285645
1/7/16,176.936371
1/8/16,174.994186
1/11/16,175.16745
1/12/16,176.58075
1/13/16,172.176697
1/14/16,175.003281
1/15/16,171.246658
1/19/16,171.474594
1/20/16,169.277145
1/21/16,170.225449
1/22/16,173.717667
1/25/16,171.091644
1/26/16,173.425842
1/27/16,171.538452
1/28/16,172.432007
1/29/16,176.635452
2/1/16,176.571609
2/2/16,173.389404
2/3/16,174.428864
2/4/16,174.702408
2/5/16,171.374344
2/8/16,169.067444
2/9/16,169.076538
2/10/16,168.930679
2/11/16,166.733185
2/12/16,170.170731
2/16/16,173.042908
2/17/16,175.869537
2/18/16,175.149185
2/19/16,175.067154
2/22/16,177.601959
2/23/16,175.358902
2/24/16,176.161301
2/25/16,178.294937
2/26/16,177.884598
2/29/16,176.489532
3/1/16,180.63829
3/2/16,181.449783
3/3/16,182.161011
3/4/16,182.753677
3/7/16,182.899551
3/8/16,180.902664
3/9/16,181.79631
3/10/16,181.942169
3/11/16,184.878204
3/14/16,184.641129
3/15/16,184.34021
3/16/16,185.407013
3/17/16,186.583237
3/18/16,187.316498
3/21/16,187.582275
3/22/16,187.481445
3/23/16,186.244171
3/24/16,186.161667
3/28/16,186.271667
3/29/16,187.994675
3/30/16,188.819565
3/31/16,188.361313
4/1/16,189.644394
4/4/16,189.030319
4/5/16,187.142334
4/6/16,189.186142
4/7/16,186.922379
4/8/16,187.426422
4/11/16,186.986542
4/12/16,188.727905
4/13/16,190.634216
4/14/16,190.643402
4/15/16,190.432602
4/18/16,191.770706
4/19/16,192.375595
4/20/16,192.558914
4/21/16,191.52327
4/22/16,191.52327
4/25/16,191.193298
4/26/16,191.477417
4/27/16,191.871536
4/28/16,190.130142
4/29/16,189.103653
5/2/16,190.60675
5/3/16,188.947861
5/4/16,187.89386
5/5/16,187.857239
5/6/16,188.544601
5/9/16,188.700409
5/10/16,191.046692
5/11/16,189.259491
5/12/16,189.314468
5/13/16,187.664734
5/16/16,189.516113
5/17/16,187.747238
5/18/16,187.802216
5/19/16,187.151459
5/20/16,188.333801
5/23/16,188.077179
5/24/16,190.515076
5/25/16,191.807373
5/26/16,191.86235
5/27/16,192.68721
5/31/16,192.320618
6/1/16,192.714767
6/2/16,193.3013
6/3/16,192.723907
6/6/16,193.70459
6/7/16,194.006989
6/8/16,194.639389
6/9/16,194.373627
6/10/16,192.531448
6/13/16,191.046692
6/14/16,190.670898
6/15/16,190.405136
6/16/16,190.973328
6/17/16,190.262131
6/20/16,191.487442
6/21/16,192.030991
6/22/16,191.717789
6/23/16,194.214401
6/24/16,187.240356
6/27/16,183.886887
6/28/16,187.203522
6/29/16,190.391098
6/30/16,192.98909
7/1/16,193.394501
7/5/16,192.003326
7/6/16,193.154953
7/7/16,193.035172
7/8/16,195.909546
7/11/16,196.600525
7/12/16,198.028473
7/13/16,198.000839
7/14/16,199.106354
7/15/16,198.839203
7/18/16,199.37355
7/19/16,199.170868
7/20/16,200.000015
7/21/16,199.244598
7/22/16,200.138214
7/25/16,199.594666
7/26/16,199.686829
7/27/16,199.474884
7/28/16,199.7052
7/29/16,200.027649
8/1/16,199.861816
8/2/16,198.581253
8/3/16,199.161636
8/4/16,199.37355
8/5/16,201.004227
8/8/16,200.884445
8/9/16,201.004227
8/10/16,200.506714
8/11/16,201.437225
8/12/16,201.262161
8/15/16,201.842575
8/16/16,200.801559
8/17/16,201.179276
8/18/16,201.630692
8/19/16,201.335892
8/22/16,201.32666
8/23/16,201.732025
8/24/16,200.700211
8/25/16,200.561996
8/26/16,200.18428
8/29/16,201.170059
8/30/16,200.838379
8/31/16,200.267212
9/1/16,200.276398
9/2/16,201.179276
9/6/16,201.787308
9/7/16,201.76889
9/8/16,201.308243
9/9/16,196.48996
9/12/16,199.309036
9/13/16,196.443878
9/14/16,196.370209
9/15/16,198.332474
9/16/16,197.565842
9/19/16,197.60289
9/20/16,197.612167
9/21/16,199.834366
9/22/16,201.093628
9/23/16,199.991791
9/26/16,198.371414
9/27/16,199.602875
9/28/16,200.593628
9/29/16,198.778809
9/30/16,200.278824
10/3/16,199.797302
10/4/16,198.778809
10/5/16,199.658463
10/6/16,199.797302
10/7/16,199.112167
10/10/16,200.149185
10/11/16,197.621399
10/12/16,197.880661
10/13/16,197.232513
10/14/16,197.334381
10/17/16,196.649185
10/18/16,197.880661
10/19/16,198.408432
10/20/16,198.038086
10/21/16,198.130661
10/24/16,198.973267
10/25/16,198.306564
10/26/16,197.908432
10/27/16,197.380661
10/28/16,196.797333
10/31/16,196.806595
11/1/16,195.380661
11/2/16,194.204712
11/3/16,193.315811
11/4/16,193.102814
11/7/16,197.362137
11/8/16,198.251022
11/9/16,200.352905
11/10/16,200.852905
11/11/16,200.389908
11/14/16,200.547348
11/15/16,202.112167
11/16/16,201.732498
11/17/16,202.769577
11/18/16,202.315857
11/21/16,203.843658
11/22/16,204.241821
11/23/16,204.352921
11/25/16,205.112183
11/28/16,204.149216
11/29/16,204.547394
11/30/16,204.056641
12/1/16,203.306641
12/2/16,203.408447
12/5/16,204.630692
12/6/16,205.278854
12/7/16,207.96405
12/8/16,208.473282
12/9/16,209.732544
12/12/16,209.491821
12/13/16,210.889969
12/14/16,209.149246
12/15/16,210.010361
12/16/16,209.599579
12/19/16,210.055969
12/20/16,210.866318
12/21/16,210.279526
12/22/16,209.91626
12/23/16,210.223648
12/27/16,210.745209
12/28/16,209.00351
12/29/16,208.956924
12/30/16,208.193207
1/3/17,209.785889
1/4/17,211.033981
1/5/17,210.866318
1/6/17,211.620728
1/9/17,210.922211
1/10/17,210.922211
1/11/17,211.518295
1/12/17,210.987366
1/13/17,211.471741
1/17/17,210.726593
1/18/17,211.192276
1/19/17,210.409927
1/20/17,211.182983
1/23/17,210.633453
1/24/17,211.983978
1/25/17,213.818802
1/26/17,213.595291
1/27/17,213.259964
1/30/17,211.937393
1/31/17,211.918762
2/1/17,212.002609
2/2/17,212.142303
2/3/17,213.604584
2/6/17,213.222687
2/7/17,213.232025
2/8/17,213.511459
2/9/17,214.778137
2/10/17,215.625671
2/13/17,216.79924
2/14/17,217.665451
2/15/17,218.801697
2/16/17,218.615463
2/17/17,218.960068
2/21/17,220.264008
2/22/17,220.068405
2/23/17,220.217407
2/24/17,220.496857
2/27/17,220.841476
2/28/17,220.245392
3/1/17,223.328278
3/2/17,221.92189
3/3/17,222.0616
3/6/17,221.400314
3/7/17,220.739014
3/8/17,220.329208
3/9/17,220.608612
3/10/17,221.381683
3/13/17,221.493423
3/14/17,220.645874
3/15/17,222.555252
3/16/17,222.117462
3/17/17,221.727371
3/20/17,221.484177
3/21/17,218.640442
3/22/17,219.154922
3/23/17,218.921066
3/24/17,218.762039
3/27/17,218.537537
3/28/17,220.127808
3/29/17,220.333588
3/30/17,221.035172
3/31/17,220.520676
4/3/17,220.137161
4/4/17,220.277481
4/5/17,219.62265
4/6/17,220.240036
4/7/17,220.015549
4/10/17,220.146484
4/11/17,219.884567
4/12/17,218.921066
4/13/17,217.499191
4/17/17,219.426208
4/18/17,218.771393
4/19/17,218.369141
4/20/17,220.146484
4/21/17,219.444916
4/24/17,221.858353
4/25/17,223.149246
4/26/17,223.008942
4/27/17,223.196014
4/28/17,222.709595
5/1/17,223.270859
5/2/17,223.355072
5/3/17,223.083771
5/4/17,223.345703
5/5/17,224.225052
5/8/17,224.187592
5/9/17,223.981812
5/10/17,224.384018
5/11/17,223.925674
5/12/17,223.551514
5/15/17,224.786301
5/16/17,224.580475
5/17/17,220.59552
5/18/17,221.484177
5/19/17,222.924744
5/22/17,224.05661
5/23/17,224.552444
5/24/17,225.076248
5/25/17,226.152008
5/26/17,226.105255
5/30/17,225.908813
5/31/17,225.852692
6/1/17,227.648682
6/2/17,228.406433
6/5/17,228.238083
6/6/17,227.508408
6/7/17,227.929367
6/8/17,228.041595
6/9/17,227.695496
6/12/17,227.648682
6/13/17,228.761902
6/14/17,228.471909
6/15/17,228.032242
6/16/17,228.082092
6/19/17,229.980881
6/20/17,228.429855
6/21/17,228.373459
6/22/17,228.270065
6/23/17,228.542709
6/26/17,228.693085
6/27/17,226.850708
6/28/17,228.881088
6/29/17,226.869476
6/30/17,227.292465
7/3/17,227.677887
7/5/17,228.204285
7/6/17,226.117493
7/7/17,227.583878
7/10/17,227.828293
7/11/17,227.659073
7/12/17,229.369888
7/13/17,229.75528
7/14/17,230.826874
7/17/17,230.79866
7/18/17,230.920883
7/19/17,232.171066
7/20/17,232.274475
7/21/17,232.067719
7/24/17,232.011292
7/25/17,232.575272
7/26/17,232.584702
7/27/17,232.368469
7/28/17,232.095917
7/31/17,231.964294
8/1/17,232.481293
8/2/17,232.594101
8/3/17,232.142914
8/4/17,232.565887
8/7/17,232.998276
8/8/17,232.424896
8/9/17,232.415482
8/10/17,229.134888
8/11/17,229.473267
8/14/17,231.748062
8/15/17,231.71991
8/16/17,232.124069
8/17/17,228.505081
8/18/17,228.147903
8/21/17,228.326477
8/22/17,230.714081
8/23/17,229.886871
8/24/17,229.351089
8/25/17,229.886871
8/28/17,229.896301
8/29/17,230.15947
8/30/17,231.249878
8/31/17,232.641113
9/1/17,232.970108
9/5/17,231.29689
9/6/17,232.086472
9/7/17,232.058289
9/8/17,231.785675
9/11/17,234.257874
9/12/17,235.047531
9/13/17,235.160278
9/14/17,235.085098
9/15/17,235.401535
9/18/17,235.902237
9/19/17,236.138382
9/20/17,236.223419
9/21/17,235.5905
9/22/17,235.637726
9/25/17,235.155945
9/26/17,235.297653
9/27/17,236.213989
9/28/17,236.49736
9/29/17,237.328705
10/2/17,238.358368
10/3/17,238.868469
10/4/17,239.151901
10/5/17,240.568893
10/6/17,240.294952
10/9/17,239.898193
10/10/17,240.531113
10/11/17,240.908981
10/12/17,240.550003
10/13/17,240.84285
10/16/17,241.164063
10/17/17,241.334076
10/18/17,241.570236
10/19/17,241.636383
10/20/17,242.883347
10/23/17,241.93866
10/24/17,242.363754
10/25/17,241.164063
10/26/17,241.475769
10/27/17,243.450104
10/30/17,242.543259
10/31/17,242.921097
11/1/17,243.242294
11/2/17,243.336792
11/3/17,244.1492
11/6/17,244.527023
11/7/17,244.357025
11/8/17,244.772629
11/9/17,243.884689
11/10/17,243.809067
11/13/17,244.035828
11/14/17,243.46904
11/15/17,242.250412
11/16/17,244.309753
11/17/17,243.591797
11/20/17,244.007462
11/21/17,245.603943
11/22/17,245.386703
11/24/17,245.953445
11/27/17,245.830704
11/28/17,248.3246
11/29/17,248.173416
11/30/17,250.346207
12/1/17,249.82663
12/4/17,249.524307
12/5/17,248.626892
12/6/17,248.674118
12/7/17,249.458191
12/8/17,250.818558
12/11/17,251.574234
12/12/17,252.018219
12/13/17,251.989929
12/14/17,250.960236
12/15/17,253.050079
12/18/17,254.654739
12/19/17,253.676743
12/20/17,253.543839
12/21/17,254.066055
12/22/17,253.999603
12/26/17,253.695724
12/27/17,253.819168
12/28/17,254.3414
12/29/17,253.382401
1/2/18,255.195923
1/3/18,256.810028
1/4/18,257.892456
1/5/18,259.611115
1/8/18,260.085846
1/9/18,260.67453
1/10/18,260.275726
1/11/18,262.174683
1/12/18,263.88382
1/16/18,262.981812
1/17/18,265.488434
1/18/18,265.042236
1/19/18,266.248047
1/22/18,268.412872
1/23/18,268.982666
1/24/18,268.878113
1/25/18,268.992096
1/26/18,272.106415
1/29/18,270.302399
1/30/18,267.529877
1/31/18,267.662811
2/1/18,267.358917
2/2/18,261.538574
2/5/18,250.600327
2/6/18,255.537796
2/7/18,254.151489
2/8/18,244.618561
2/9/18,248.293091
2/12/18,251.939163
2/13/18,252.565857
2/14/18,255.974503
2/15/18,259.240784
2/16/18,259.316742
2/20/18,257.693054
2/21/18,256.411285
2/22/18,256.743591
2/23/18,260.835907
2/26/18,263.864807
2/27/18,260.570068
2/28/18,257.93045
3/1/18,254.179993
3/2/18,255.490311
3/5/18,258.443237
3/6/18,259.098389
3/7/18,259.003418
3/8/18,260.256805
3/9/18,264.785858
3/12/18,264.453461
3/13/18,262.744446
3/14/18,261.396149
3/15/18,261.111267
3/16/18,261.39444
3/19/18,257.857666
3/20/18,258.296173
3/21/18,257.800476
3/22/18,251.356186
3/23/18,245.998627
3/26/18,252.728928
3/27/18,248.429581
3/28/18,247.695465
3/29/18,250.860458
4/2/18,245.445755
4/3/18,248.591599
4/4/18,251.251358
4/5/18,253.234253
4/6/18,247.590637
4/9/18,248.810898
4/10/18,252.767014
4/11/18,251.442017
4/12/18,253.51062
4/13/18,252.767014
4/16/18,254.84523
4/17/18,257.571655
4/18/18,257.76239
4/19/18,256.332428
4/20/18,254.158936
4/23/18,254.120758
4/24/18,250.69841
4/25/18,251.318085
4/26/18,253.872879
4/27/18,254.111237
4/30/18,252.156967
5/1/18,252.605011
5/2/18,250.908142
5/3/18,250.355225
5/4/18,253.59642
5/7/18,254.454422
5/8/18,254.454422
5/9/18,256.91391
5/10/18,259.316223
5/11/18,260.107422
5/14/18,260.231415
5/15/18,258.439148
5/16/18,259.52594
5/17/18,259.306671
5/18/18,258.658417
5/21/18,260.60318
5/22/18,259.878662
5/23/18,260.593628
5/24/18,260.059814
5/25/18,259.440155
5/29/18,256.456329
5/30/18,259.878662
5/31/18,258.286682
6/1/18,260.822479
6/4/18,262.061737
6/5/18,262.252441
6/6/18,264.445007
6/7/18,264.416351
6/8/18,265.198059
6/11/18,265.550812
6/12/18,265.894012
6/13/18,265.045532
6/14/18,265.71286
6/15/18,265.373871
6/18/18,264.828094
6/19/18,263.813049
6/20/18,264.263123
6/21/18,262.606476
6/22/18,263.085266
6/25/18,259.503906
6/26/18,260.078461
6/27/18,257.92392
6/28/18,259.398621
6/29/18,259.772064
7/2/18,260.327454
7/3/18,259.408142
7/5/18,261.524384
7/6/18,263.73642
7/9/18,266.111237
7/10/18,267.068787
7/11/18,265.115326
7/12/18,267.518829
7/13/18,267.729492
7/16/18,267.490143
7/17/18,268.572174
7/18/18,269.137207
7/19/18,268.122101
7/20/18,267.815704
7/23/18,268.313629
7/24/18,269.663849
7/25/18,271.962067
7/26/18,271.320465
7/27/18,269.481873
7/30/18,268.074249
7/31/18,269.395691
8/1/18,268.945679
8/2/18,270.410767
8/3/18,271.569397
8/6/18,272.565277
8/7/18,273.465424
8/8/18,273.350494
8/9/18,272.977081
8/10/18,271.148071
8/13/18,270.133057
8/14/18,271.856689
8/15/18,269.82666
8/16/18,272.009888
8/17/18,272.967499
8/20/18,273.551697
8/21/18,274.193176
8/22/18,274.030396
8/23/18,273.666534
8/24/18,275.313568
8/27/18,277.487274
8/28/18,277.621338
8/29/18,279.115143
8/30/18,277.985229
8/31/18,277.994781
9/4/18,277.515991
9/5/18,276.769073
9/6/18,275.935974
9/7/18,275.39975
9/10/18,275.87851
9/11/18,276.788208
9/12/18,276.855255
9/13/18,278.492706
9/14/18,278.540588
9/17/18,277.065887
9/18/18,278.569305
9/19/18,278.86618
9/20/18,281.126068
9/21/18,280.869202
9/24/18,279.936157
9/25/18,279.676453
9/26/18,278.83963
9/27/18,279.618683
9/28/18,279.647583
10/1/18,280.619171
10/2/18,280.455566
10/3/18,280.609528
10/4/18,278.416321
10/5/18,276.858032
10/8/18,276.858032
10/9/18,276.45401
10/10/18,267.700623
10/11/18,261.804077
10/12/18,265.440125
10/15/18,263.949188
10/16/18,269.720581
10/17/18,269.768738
10/18/18,265.872986
10/19/18,265.728729
10/22/18,264.535919
10/23/18,263.18927
10/24/18,255.214981
10/25/18,259.793671
10/26/18,255.224579
10/29/18,253.810593
10/30/18,257.571625
10/31/18,260.322754
11/1/18,263.093079
11/2/18,261.53479
11/5/18,262.977631
11/6/18,264.641724
11/7/18,270.307434
11/8/18,269.816772
11/9/18,267.181183
11/12/18,262.188843
11/13/18,261.698303
11/14/18,259.909149
11/15/18,262.621704
11/16/18,263.304688
11/19/18,258.851013
11/20/18,254.060669
11/21/18,254.926392
11/23/18,253.223801
11/26/18,257.311951
11/27/18,258.177643
11/28/18,264.122284
11/29/18,263.545166
11/30/18,265.15155
12/3/18,268.662476
12/4/18,259.957214
12/6/18,259.562805
12/7/18,253.531631
12/10/18,254.012589
12/11/18,254.070282
12/12/18,255.34964
12/13/18,255.263092
12/14/18,250.549713
12/17/18,245.634323
12/18/18,245.364975
12/19/18,241.69046
12/20/18,237.756256
12/21/18,232.884705
12/24/18,226.731216
12/26/18,238.186783
12/27/18,240.015442
12/28/18,239.705826
12/31/18,241.805374
1/2/19,242.056915
1/3/19,236.280746
1/4/19,244.19516
1/7/19,246.12056
1/8/19,248.432953
1/9/19,249.593994
1/10/19,250.474442
1/11/19,250.571213
1/14/19,249.042496
1/15/19,251.896729
1/16/19,252.506241
1/17/19,254.421967
1/18/19,257.808319
1/22/19,254.325195
1/23/19,254.857376
1/24/19,254.992783
1/25/19,257.150452
1/28/19,255.195999
1/29/19,254.857376
1/30/19,258.891968
1/31/19,261.16568
2/1/19,261.291443
2/4/19,263.1297
2/5/19,264.232727
2/6/19,263.884399
2/7/19,261.368866
2/8/19,261.688141
2/11/19,261.833221
2/12/19,265.200256
2/13/19,266.06134
2/14/19,265.471161
2/15/19,268.364075
2/19/19,268.828491
2/20/19,269.370331
2/21/19,268.412506
2/22/19,270.076599
2/25/19,270.444305
2/26/19,270.250793
2/27/19,270.134644
2/28/19,269.6315
3/1/19,271.315063
3/4/19,270.328186
3/5/19,269.96048
3/6/19,268.325409
3/7/19,266.080688
3/8/19,265.548553
3/11/19,269.399353
3/12/19,270.415253
3/13/19,272.2052
3/14/19,272.031006
3/15/19,273.375031
3/18/19,274.366241
3/19/19,274.434265
3/20/19,273.608215
3/21/19,276.698578
3/22/19,271.373169
3/25/19,271.169067
3/26/19,273.190399
3/27/19,271.761841
3/28/19,272.791931
3/29/19,274.512024
4/1/19,277.767517
4/2/19,277.903564
4/3/19,278.340912
4/4/19,279.079468
4/5/19,280.430206
4/8/19,280.644043
4/9/19,279.20578
4/10/19,280.158173
4/11/19,280.080383
4/12/19,281.975403
4/15/19,281.79071
4/16/19,281.975403
4/17/19,281.2854
4/18/19,281.839355
4/22/19,282.082245
4/23/19,284.618652
4/24/19,283.987
4/25/19,283.812103
4/26/19,285.133728
4/29/19,285.580719
4/30/19,285.726501
5/1/19,283.578857
5/2/19,282.966614
5/3/19,285.736237
5/6/19,284.560364
5/7/19,279.808289
5/8/19,279.419556
5/9/19,278.574127
5/10/19,279.973511
5/13/19,272.937683
5/14/19,275.406097
5/15/19,277.019257
5/16/19,279.584808
5/17/19,277.777222
5/20/19,275.940582
5/21/19,278.428345
5/22/19,277.573151
5/23/19,274.18161
5/24/19,274.803558
5/28/19,272.247742
5/29/19,270.420776
5/30/19,271.159363
5/31/19,267.505402
6/3/19,266.825104
6/4/19,272.617035
6/5/19,274.978485
6/6/19,276.766571
6/7/19,279.536163
6/10/19,280.818939
6/11/19,280.750916
6/12/19,280.255341
6/13/19,281.411713
6/14/19,281.100769
6/17/19,281.207703
6/18/19,284.152222
6/19/19,284.793579
6/20/19,287.514587
6/21/19,287.096649
6/24/19,286.745148
6/25/19,283.932709
6/26/19,283.649567
6/27/19,284.655365
6/28/19,286.120148
7/1/19,288.717682
7/2/19,289.469604
7/3/19,291.783936
7/5/19,291.451935
7/8/19,289.850464
7/9/19,290.211761
7/10/19,291.598419
7/11/19,292.281952
7/12/19,293.590515
7/15/19,293.68811
7/16/19,292.740967
7/17/19,290.74881
7/18/19,291.813263
7/19/19,290.19223
7/22/19,290.90506
7/23/19,292.985077
7/24/19,294.361969
7/25/19,292.95578
7/26/19,294.918549
7/29/19,294.38147
7/30/19,293.658875
7/31/19,290.446136
8/1/19,287.916931
8/2/19,285.749084
8/5/19,277.155701
8/6/19,281.042236
8/7/19,281.208252
8/8/19,286.725586
8/9/19,284.772522
8/12/19,281.305939
8/13/19,285.680695
8/14/19,277.233795
8/15/19,277.966187
8/16/19,282.067596
8/19/19,285.465851
8/20/19,283.278473
8/21/19,285.583038
8/22/19,285.495148
8/23/19,278.161499
8/26/19,281.237549
8/27/19,280.134094
8/28/19,282.106659
8/29/19,285.709991
8/30/19,285.583038
9/3/19,283.913177
9/4/19,287.135742
9/5/19,290.826935
9/6/19,291.051575
9/9/19,291.198059
9/10/19,291.129669
9/11/19,293.19989
9/12/19,294.215515
9/13/19,294.020203
9/16/19,293.112
9/17/19,293.854187
9/18/19,294.029938
9/19/19,294.010406
9/20/19,292.621277
9/23/19,292.552582
9/24/19,290.257019
9/25/19,291.973816
9/26/19,291.36557
9/27/19,289.795929
9/30/19,291.139923
10/1/19,287.67688
10/2/19,282.595184
10/3/19,284.9104
10/4/19,288.765839
10/7/19,287.519897
10/8/19,283.056244
10/9/19,285.744263
10/10/19,287.67688
10/11/19,290.65918
10/14/19,290.33548
10/15/19,293.2099
10/16/19,292.738983
10/17/19,293.602295
10/18/19,292.317139
10/21/19,294.298798
10/22/19,293.337402
10/23/19,294.190918
10/24/19,294.671631
10/25/19,295.878296
10/28/19,297.546021
10/29/19,297.457733
10/30/19,298.370117
10/31/19,297.575439
11/1/19,300.332184
11/4/19,301.538818
11/5/19,301.205261
11/6/19,301.273926
11/7/19,302.333466
11/8/19,303.079071
11/11/19,302.500244
11/12/19,303.137878
11/13/19,303.235992
11/14/19,303.677429
11/15/19,305.875
11/18/19,306.100616
11/19/19,306.012299
11/20/19,304.874329
11/21/19,304.383789
11/22/19,305.060699
11/25/19,307.424988
11/26/19,308.121521
11/27/19,309.494995
11/29/19,308.347168
12/2/19,305.727844
12/3/19,303.677429
12/4/19,305.551208
12/5/19,306.100616
12/6/19,308.896515
12/9/19,307.925323
12/10/19,307.58194
12/11/19,308.455078
12/12/19,311.113647
12/13/19,311.300049
12/16/19,313.43869
12/17/19,313.507416
12/18/19,313.527008
12/19/19,314.812134
12/20/19,316.192352
12/23/19,316.675415
12/24/19,316.685272
12/26/19,318.371063
12/27/19,318.292175
12/30/19,316.537384
12/31/19,317.306335
1/2/20,320.273743
1/3/20,317.848572
1/6/20,319.061188
1/7/20,318.164032
1/8/20,319.859741
1/9/20,322.028564
1/10/20,321.101868
1/13/20,323.310181
1/14/20,322.817261
1/15/20,323.546783
1/16/20,326.238159
1/17/20,327.253632
1/21/20,326.612793
1/22/20,326.652222
1/23/20,327.026855
1/24/20,324.118561
1/27/20,318.923157
1/28/20,322.265198
1/29/20,321.998993
1/30/20,323.044006
1/31/20,317.178192
2/3/20,319.534393
2/4/20,324.404449
2/5/20,328.150696
2/6/20,329.254883
2/7/20,327.500061
2/10/20,329.944977
2/11/20,330.516754
2/12/20,332.64621
2/13/20,332.29129
2/14/20,332.823669
2/18/20,331.965973
2/19/20,333.553162
2/20/20,332.182892
2/21/20,328.761963
2/24/20,317.858429
2/25/20,308.226624
2/26/20,307.092926
2/27/20,293.300873
2/28/20,292.068542
3/2/20,304.71698
3/3/20,295.992218
3/4/20,308.433655
3/5/20,298.180817
3/6/20,293.251556
3/9/20,270.35022
3/10/20,284.339478
3/11/20,270.478394
3/12/20,244.599762
3/13/20,265.509674
3/16/20,236.456635
3/17/20,249.223404
3/18/20,236.604492
3/19/20,237.107269
3/20/20,226.889328
3/23/20,221.088181
3/24/20,241.119492
3/25/20,244.729095
3/26/20,259.018768
3/27/20,251.303726
3/30/20,259.464996
3/31/20,255.59758
4/1/20,244.094437
4/2/20,249.72702
4/3/20,246.117416
4/6/20,262.648193
4/7/20,262.915955
4/8/20,271.741608
4/9/20,275.876801
4/13/20,273.358002
4/14/20,281.420135
4/15/20,275.440491
4/16/20,276.769287
4/17/20,284.246307
4/20/20,279.238464
4/21/20,270.759888
4/22/20,276.769287
4/23/20,276.74942
4/24/20,280.606964
4/27/20,284.652893
4/28/20,283.343903
4/29/20,290.761444
4/30/20,288.05426
5/1/20,280.428467
5/4/20,281.201965
5/5/20,283.800079
5/6/20,281.876282
5/7/20,285.277618
5/8/20,289.997894
5/11/20,290.057373